start_s,end_s,cell_id,imsi,rnti,lcid,n_tx_pdus,tx_bytes,n_rx_pdus,rx_bytes,delay_s,delay_std_dev_s,delay_min_s,delay_max_s,pdu_size_bytes,pdu_size_std_dev_bytes,pdu_size_min_bytes,pdu_size_max_bytes
0.1,0.2,1,1,9,3,178,233180,56,73360,0.0281014,0.011917,0.00749881,0.0633308,1310,0.0,1310.0,1310.0
0.1,0.2,1,2,11,3,178,233180,50,65500,0.0382277,0.0170567,0.0109977,0.0644977,1310,0.0,1310.0,1310.0
0.1,0.2,1,3,5,3,178,233180,50,65500,0.0322267,0.0170567,0.00499665,0.0584967,1310,0.0,1310.0,1310.0
0.1,0.2,1,4,4,3,178,233180,136,178160,0.0102434,0.0127167,0.00132761,0.0419956,1310,0.0,1310.0,1310.0
0.1,0.2,1,5,12,3,178,233180,139,182090,0.0110835,0.0138091,0.0010051,0.0444945,1310,0.0,1310.0,1310.0
0.1,0.2,1,6,10,3,178,233180,64,83840,0.0348317,0.0199935,0.00749341,0.0733254,1310,0.0,1310.0,1310.0
0.1,0.2,1,7,3,3,178,233180,61,79910,0.0247516,0.0124343,0.00407437,0.0450744,1310,0.0,1310.0,1310.0
0.1,0.2,1,8,7,3,178,233180,52,68120,0.0196125,0.011267,0.00399125,0.0659661,1310,0.0,1310.0,1310.0
0.1,0.2,1,9,1,3,178,233180,52,68120,0.0378556,0.0180829,0.00349017,0.0654902,1310,0.0,1310.0,1310.0
0.1,0.2,1,10,6,3,178,233180,50,65500,0.0332191,0.0170567,0.00598909,0.0594891,1310,0.0,1310.0,1310.0
0.1,0.2,1,11,2,3,178,233180,52,68120,0.0258342,0.0106281,0.00398801,0.041988,1310,0.0,1310.0,1310.0
0.1,0.2,1,12,8,3,178,233180,50,65500,0.0352169,0.0170567,0.00798693,0.0614869,1310,0.0,1310.0,1310.0
0.2,0.3,1,1,9,3,198,259380,59,77290,0.0630652,0.0118399,0.0439988,0.0933308,1310,0.0,1310.0,1310.0
0.2,0.3,1,2,11,3,378,495180,107,140170,0.0716099,0.0363045,0.0109977,0.131998,1310,0.0,1310.0,1310.0
0.2,0.3,1,3,5,3,540,707400,268,349402,0.0481839,0.0377386,0.00102512,0.134497,1303,84.3149,162.0,1322.0
0.2,0.3,1,4,4,3,198,259380,157,205670,0.0284933,0.0288613,0.00147047,0.0819956,1310,0.0,1310.0,1310.0
0.2,0.3,1,5,12,3,198,259380,160,209600,0.0221393,0.0288072,0.00105867,0.0804945,1310,0.0,1310.0,1310.0
0.2,0.3,1,6,10,3,198,259380,61,79910,0.0668185,0.0130146,0.0454934,0.104075,1310,0.0,1310.0,1310.0
0.2,0.3,1,7,3,3,198,259380,65,85150,0.0637551,0.010952,0.0424923,0.0839923,1310,0.0,1310.0,1310.0
0.2,0.3,1,8,7,3,198,259380,58,75980,0.0467642,0.0190119,0.0299913,0.177323,1310,0.0,1310.0,1310.0
0.2,0.3,1,9,1,3,198,259380,57,74670,0.101885,0.0193004,0.0709902,0.13299,1310,0.0,1310.0,1310.0
0.2,0.3,1,10,6,3,198,259380,64,83840,0.100052,0.0217926,0.0649891,0.135489,1310,0.0,1310.0,1310.0
0.2,0.3,1,11,2,3,198,259380,57,74670,0.0640494,0.0139825,0.039488,0.087988,1310,0.0,1310.0,1310.0
0.2,0.3,1,12,8,3,198,259380,57,74670,0.0978817,0.0193004,0.0669869,0.128987,1310,0.0,1310.0,1310.0
0.3,0.4,1,1,9,3,198,259380,71,93010,0.116001,0.0414503,0.0824988,0.269831,1310,0.0,1310.0,1310.0
0.3,0.4,1,2,11,3,578,757180,165,216150,0.10558,0.0559066,0.0109977,0.198998,1310,0.0,1310.0,1310.0
0.3,0.4,1,3,5,3,198,259380,63,81372,0.161506,0.037835,0.00102512,0.201997,1291,144.824,188.0,1322.0
0.3,0.4,1,4,4,3,198,259380,137,179470,0.0492884,0.0409477,0.00682761,0.111496,1310,0.0,1310.0,1310.0
0.3,0.4,1,5,12,3,198,259380,144,188640,0.0382311,0.0460151,0.00105867,0.117494,1310,0.0,1310.0,1310.0
0.3,0.4,1,6,10,3,198,259380,68,89080,0.114129,0.0247151,0.0839934,0.216075,1310,0.0,1310.0,1310.0
0.3,0.4,1,7,3,3,198,259380,59,77290,0.101583,0.0167948,0.0814923,0.206824,1310,0.0,1310.0,1310.0
0.3,0.4,1,8,7,3,816,1068960,64,83840,0.0623819,0.0299602,0.00349125,0.0964913,1310,0.0,1310.0,1310.0
0.3,0.4,1,9,1,3,198,259380,58,75980,0.16924,0.0194781,0.13849,0.19999,1310,0.0,1310.0,1310.0
0.3,0.4,1,10,6,3,621,813510,57,74670,0.102542,0.0910862,0.00348909,0.205489,1310,0.0,1310.0,1310.0
0.3,0.4,1,11,2,3,198,259380,58,75980,0.112143,0.0152212,0.086988,0.136988,1310,0.0,1310.0,1310.0
0.3,0.4,1,12,8,3,198,259380,65,85150,0.169302,0.0218424,0.134487,0.204487,1310,0.0,1310.0,1310.0
0.4,0.5,1,1,9,3,198,259380,90,117900,0.198183,0.0729751,0.120999,0.310974,1310,0.0,1310.0,1310.0
0.4,0.5,1,2,11,3,778,1019180,229,299990,0.143076,0.0775871,0.0109977,0.274998,1310,0.0,1310.0,1310.0
0.4,0.5,1,3,5,3,198,259380,60,74187,0.235608,0.0250128,0.153079,0.269497,1236,281.838,47.0,1322.0
0.4,0.5,1,4,4,3,198,259380,175,229250,0.0577273,0.0548292,0.00123832,0.155996,1310,0.0,1310.0,1310.0
0.4,0.5,1,5,12,3,198,259380,172,225320,0.0525117,0.065477,0.00102296,0.159494,1310,0.0,1310.0,1310.0
0.4,0.5,1,6,10,3,198,259380,58,75980,0.151788,0.0252871,0.130493,0.327575,1310,0.0,1310.0,1310.0
0.4,0.5,1,7,3,3,198,259380,58,75980,0.140352,0.0259891,0.117992,0.318324,1310,0.0,1310.0,1310.0
0.4,0.5,1,8,7,3,744,974640,51,66810,0.075403,0.0618736,0.00349125,0.157991,1310,0.0,1310.0,1310.0
0.4,0.5,1,9,1,3,198,259380,64,83840,0.24074,0.0217562,0.20549,0.27599,1310,0.0,1310.0,1310.0
0.4,0.5,1,10,6,3,198,259380,57,74670,0.218875,0.0118254,0.200489,0.241489,1310,0.0,1310.0,1310.0
0.4,0.5,1,11,2,3,198,259380,64,83840,0.159152,0.0125246,0.136488,0.180988,1310,0.0,1310.0,1310.0
0.4,0.5,1,12,8,3,198,259380,57,74670,0.240759,0.0191661,0.209987,0.271987,1310,0.0,1310.0,1310.0
0.5,0.6,1,1,9,3,198,259380,59,77290,0.190526,0.0245601,0.163499,0.345581,1310,0.0,1310.0,1310.0
0.5,0.6,1,2,11,3,1567,2052770,353,460680,0.201122,0.10104,0.0109977,0.342498,1305,72.7918,71.0,1322.0
0.5,0.6,1,3,5,3,198,259380,64,83864,0.367498,0.0350009,0.189579,0.396497,1310,2.10442,1310.0,1322.0
0.5,0.6,1,4,4,3,198,259380,145,189950,0.0854003,0.0836619,0.00147047,0.200496,1310,0.0,1310.0,1310.0
0.5,0.6,1,5,12,3,198,259380,156,204360,0.0669838,0.086144,0.0010051,0.201494,1310,0.0,1310.0,1310.0
0.5,0.6,1,6,10,3,198,259380,60,78600,0.1852,0.0456076,0.156493,0.435325,1310,0.0,1310.0,1310.0
0.5,0.6,1,7,3,3,198,259380,83,108730,0.224164,0.0963692,0.154992,0.416824,1310,0.0,1310.0,1310.0
0.5,0.6,1,8,7,3,198,259380,57,74670,0.032579,0.0114061,0.0124913,0.0524913,1310,0.0,1310.0,1310.0
0.5,0.6,1,9,1,3,198,259380,58,75980,0.312033,0.019748,0.28099,0.34299,1310,0.0,1310.0,1310.0
0.5,0.6,1,10,6,3,882,1155420,62,81220,0.198747,0.111462,0.00598909,0.288489,1310,0.0,1310.0,1310.0
0.5,0.6,1,11,2,3,198,259380,58,75980,0.198712,0.0125297,0.180488,0.221488,1310,0.0,1310.0,1310.0
0.5,0.6,1,12,8,3,198,259380,58,75980,0.30803,0.019748,0.276987,0.338987,1310,0.0,1310.0,1310.0
0.6,0.7,1,1,9,3,198,259380,64,83840,0.23521,0.0134237,0.211499,0.258999,1310,0.0,1310.0,1310.0
0.6,0.7,1,2,11,3,490,641900,57,73536,0.37746,0.0211305,0.30933,0.409498,1290,109.831,668.0,1322.0
0.6,0.7,1,3,5,3,198,259380,60,78600,0.412854,0.0208164,0.298829,0.437497,1310,0.0,1310.0,1310.0
0.6,0.7,1,4,4,3,198,259380,164,214840,0.0810382,0.0996267,0.00132761,0.239496,1310,0.0,1310.0,1310.0
0.6,0.7,1,5,12,3,198,259380,153,200430,0.0824046,0.10508,0.0010051,0.235994,1310,0.0,1310.0,1310.0
0.6,0.7,1,6,10,3,198,259380,65,85150,0.219829,0.0421372,0.194993,0.542325,1310,0.0,1310.0,1310.0
0.6,0.7,1,7,3,3,198,259380,58,75980,0.218925,0.0353492,0.194492,0.472574,1310,0.0,1310.0,1310.0
0.6,0.7,1,8,7,3,198,259380,70,91700,0.093917,0.101661,0.0474913,0.540716,1310,0.0,1310.0,1310.0
0.6,0.7,1,9,1,3,198,259380,57,74670,0.379385,0.0193004,0.34849,0.41049,1310,0.0,1310.0,1310.0
0.6,0.7,1,10,6,3,198,259380,58,75980,0.295222,0.0110875,0.275489,0.315489,1310,0.0,1310.0,1310.0
0.6,0.7,1,11,2,3,198,259380,57,74670,0.238672,0.00841588,0.221488,0.252988,1310,0.0,1310.0,1310.0
0.6,0.7,1,12,8,3,198,259380,64,83840,0.379549,0.0217926,0.344487,0.414987,1310,0.0,1310.0,1310.0
0.7,0.8,1,1,9,3,1663,2178530,58,75980,0.253414,0.0929141,0.00349881,0.554581,1310,0.0,1310.0,1310.0
0.7,0.8,1,2,11,3,198,259380,65,83110,0.450367,0.0220238,0.414998,0.485498,1278,178.353,135.0,1322.0
0.7,0.8,1,3,5,3,198,259380,69,90390,0.450238,0.016388,0.406579,0.475497,1310,0.0,1310.0,1310.0
0.7,0.8,1,4,4,3,198,259380,148,193880,0.103872,0.12586,0.00141689,0.279996,1310,0.0,1310.0,1310.0
0.7,0.8,1,5,12,3,198,259380,165,216150,0.103531,0.127768,0.000987242,0.283994,1310,0.0,1310.0,1310.0
0.7,0.8,1,6,10,3,1737,2275470,51,66810,0.24766,0.00890431,0.230493,0.264493,1310,0.0,1310.0,1310.0
0.7,0.8,1,7,3,3,198,259380,60,78600,0.263891,0.0663042,0.226992,0.611574,1310,0.0,1310.0,1310.0
0.7,0.8,1,8,7,3,621,813510,57,74670,0.0970877,0.00952414,0.0814913,0.114991,1310,0.0,1310.0,1310.0
0.7,0.8,1,9,1,3,1029,1347990,159,208290,0.275282,0.188606,0.00649017,0.424572,1310,0.0,1310.0,1310.0
0.7,0.8,1,10,6,3,198,259380,57,74670,0.331691,0.01088,0.312489,0.350989,1310,0.0,1310.0,1310.0
0.7,0.8,1,11,2,3,198,259380,65,85150,0.271296,0.0100808,0.252488,0.287488,1310,0.0,1310.0,1310.0
0.7,0.8,1,12,8,3,1508,1975480,52,68120,0.0408331,0.0945926,0.00348693,0.506487,1310,0.0,1310.0,1310.0
0.8,0.9,1,1,9,3,198,259380,57,74670,0.0304199,0.0115356,0.00899881,0.0504988,1310,0.0,1310.0,1310.0
0.8,0.9,1,2,11,3,198,259380,56,72310,0.521748,0.0193989,0.490498,0.552998,1291,113.485,591.0,1322.0
0.8,0.9,1,3,5,3,198,259380,533,698230,0.319576,0.114906,0.121329,0.507497,1310,0.0,1310.0,1310.0
0.8,0.9,1,4,4,3,198,259380,156,204360,0.12583,0.14767,0.00147047,0.325496,1310,0.0,1310.0,1310.0
0.8,0.9,1,5,12,3,198,259380,70,91700,0.253417,0.102053,0.0343265,0.321994,1310,0.0,1310.0,1310.0
0.8,0.9,1,6,10,3,198,259380,6,7860,0.278493,0.00173205,0.275993,0.280993,1310,0.0,1310.0,1310.0
0.8,0.9,1,7,3,3,2296,3007760,64,83840,0.110102,0.132128,0.00449233,0.354992,1310,0.0,1310.0,1310.0
0.8,0.9,1,8,7,3,198,259380,141,184710,0.177008,0.277421,0.00100186,0.709491,1310,0.0,1310.0,1310.0
0.8,0.9,1,9,1,3,605,792550,61,79910,0.15853,0.179037,0.0474902,0.50949,1310,0.0,1310.0,1310.0
0.8,0.9,1,10,6,3,198,259380,65,85150,0.370312,0.0116245,0.351989,0.392989,1310,0.0,1310.0,1310.0
0.8,0.9,1,11,2,3,198,259380,58,75980,0.313959,0.0547498,0.287488,0.71632,1310,0.0,1310.0,1310.0
0.8,0.9,1,12,8,3,1130,1480300,51,66810,0.23582,0.252182,0.00548693,0.579487,1310,0.0,1310.0,1310.0
0.9,1.0,1,1,9,3,198,259380,88,115280,0.162492,0.155619,0.0489988,0.428331,1310,0.0,1310.0,1310.0
0.9,1.0,1,2,11,3,198,259380,59,75264,0.58971,0.0199878,0.558498,0.620498,1275,208.328,35.0,1322.0
0.9,1.0,1,3,5,3,1005,1316550,60,78600,0.383063,0.227238,0.00349665,0.538997,1310,0.0,1310.0,1310.0
0.9,1.0,1,4,4,3,198,259380,169,221390,0.118544,0.161672,0.00123832,0.360996,1310,0.0,1310.0,1310.0
0.9,1.0,1,5,12,3,198,259380,118,154580,0.229856,0.109546,0.102827,0.364494,1310,0.0,1310.0,1310.0
0.9,1.0,1,6,10,3,198,259380,0,0,0.0,0.0,0.0,0.0,0,0.0,0.0,0.0
0.9,1.0,1,7,3,3,1185,1552350,53,69430,0.0222848,0.00890086,0.00399233,0.0359923,1310,0.0,1310.0,1310.0
0.9,1.0,1,8,7,3,203,265930,65,85150,0.597337,0.077894,0.00100186,0.656491,1310,0.0,1310.0,1310.0
0.9,1.0,1,9,1,3,198,259380,58,75980,0.528447,0.0116883,0.50749,0.54649,1310,0.0,1310.0,1310.0
0.9,1.0,1,10,6,3,198,259380,57,74670,0.41712,0.0149018,0.391989,0.443489,1310,0.0,1310.0,1310.0
0.9,1.0,1,11,2,3,198,259380,60,78600,0.363362,0.088063,0.325488,0.83207,1310,0.0,1310.0,1310.0
0.9,1.0,1,12,8,3,198,259380,65,85150,0.564341,0.0110749,0.545487,0.589987,1310,0.0,1310.0,1310.0
1.0,1.1,1,1,9,3,198,259380,58,75980,0.112595,0.049333,0.0854988,0.471081,1310,0.0,1310.0,1310.0
1.0,1.1,1,2,11,3,198,259380,63,77384,0.660307,0.0217396,0.624998,0.695498,1228,279.208,85.0,1322.0
1.0,1.1,1,3,5,3,580,759800,58,75980,0.203013,0.276449,0.0104967,0.633997,1310,0.0,1310.0,1310.0
1.0,1.1,1,4,4,3,198,259380,153,200430,0.141563,0.182585,0.00123832,0.399996,1310,0.0,1310.0,1310.0
1.0,1.1,1,5,12,3,198,259380,153,200430,0.24286,0.120108,0.128577,0.405994,1310,0.0,1310.0,1310.0
1.0,1.1,1,6,10,3,943,1235330,0,0,0.0,0.0,0.0,0.0,0,0.0,0.0,0.0
1.0,1.1,1,7,3,3,198,259380,57,74670,0.217238,0.212462,0.0304923,0.500492,1310,0.0,1310.0,1310.0
1.0,1.1,1,8,7,3,198,259380,58,75980,0.615957,0.0135785,0.591991,0.636991,1310,0.0,1310.0,1310.0
1.0,1.1,1,9,1,3,198,259380,65,85150,0.562236,0.0100713,0.54449,0.58149,1310,0.0,1310.0,1310.0
1.0,1.1,1,10,6,3,198,259380,58,75980,0.479325,0.0195653,0.448489,0.510489,1310,0.0,1310.0,1310.0
1.0,1.1,1,11,2,3,198,259380,73,95630,0.456952,0.175239,0.369988,0.96432,1310,0.0,1310.0,1310.0
1.0,1.1,1,12,8,3,198,259380,57,74670,0.550075,0.00560064,0.537487,0.559487,1310,0.0,1310.0,1310.0
1.1,1.2,1,1,9,3,198,259380,585,766350,0.537502,0.224464,0.125499,0.972581,1310,0.0,1310.0,1310.0
1.1,1.2,1,2,11,3,198,259380,57,72505,0.731971,0.0191149,0.701498,0.762998,1272,200.467,111.0,1322.0
1.1,1.2,1,3,5,3,198,259380,65,85150,0.614912,0.00852092,0.595997,0.635497,1310,0.0,1310.0,1310.0
1.1,1.2,1,4,4,3,198,259380,149,195190,0.189199,0.208356,0.00155975,0.445496,1310,0.0,1310.0,1310.0
1.1,1.2,1,5,12,3,198,259380,137,179470,0.264531,0.139758,0.140077,0.448994,1310,0.0,1310.0,1310.0
1.1,1.2,1,6,10,3,198,259380,0,0,0.0,0.0,0.0,0.0,0,0.0,0.0,0.0
1.1,1.2,1,7,3,3,1070,1401700,64,83840,0.549852,0.351359,0.00349233,0.971492,1310,0.0,1310.0,1310.0
1.1,1.2,1,8,7,3,198,259380,57,74670,0.651263,0.0106842,0.633491,0.670491,1310,0.0,1310.0,1310.0
1.1,1.2,1,9,1,3,198,259380,57,74670,0.597324,0.010392,0.57949,0.61599,1310,0.0,1310.0,1310.0
1.1,1.2,1,10,6,3,198,259380,65,85150,0.551543,0.0219815,0.515989,0.586489,1310,0.0,1310.0,1310.0
1.1,1.2,1,11,2,3,198,259380,74,96940,0.560727,0.241492,0.413488,1.04782,1310,0.0,1310.0,1310.0
1.1,1.2,1,12,8,3,198,259380,58,75980,0.540599,0.0078299,0.525987,0.553987,1310,0.0,1310.0,1310.0
1.2,1.3,1,1,9,3,198,259380,69,90390,0.202016,0.0336026,0.167999,0.310331,1310,0.0,1310.0,1310.0
1.2,1.3,1,2,11,3,198,259380,58,73363,0.799334,0.0192944,0.768998,0.830498,1264,189.666,197.0,1322.0
1.2,1.3,1,3,5,3,198,259380,78,102180,0.481253,0.182243,0.148329,0.606997,1310,0.0,1310.0,1310.0
1.2,1.3,1,4,4,3,198,259380,166,217460,0.163395,0.221161,0.00123832,0.491496,1310,0.0,1310.0,1310.0
1.2,1.3,1,5,12,3,198,259380,144,188640,0.286883,0.144264,0.154577,0.485994,1310,0.0,1310.0,1310.0
1.2,1.3,1,6,10,3,325,425750,0,0,0.0,0.0,0.0,0.0,0,0.0,0.0,0.0
1.2,1.3,1,7,3,3,198,259380,57,74670,0.64993,0.109623,0.461992,0.832492,1310,0.0,1310.0,1310.0
1.2,1.3,1,8,7,3,1389,1819590,56,73360,0.529196,0.288577,0.00449125,0.703991,1310,0.0,1310.0,1310.0
1.2,1.3,1,9,1,3,198,259380,57,74670,0.640473,0.0117066,0.61899,0.66049,1310,0.0,1310.0,1310.0
1.2,1.3,1,10,6,3,198,259380,57,74670,0.622805,0.0193922,0.591489,0.653489,1310,0.0,1310.0,1310.0
1.2,1.3,1,11,2,3,198,259380,78,102180,0.639051,0.270082,0.455988,1.11971,1310,0.0,1310.0,1310.0
1.2,1.3,1,12,8,3,1136,1488160,64,83840,0.466081,0.162086,0.00498693,0.533987,1310,0.0,1310.0,1310.0
1.3,1.4,1,1,9,3,198,259380,61,79910,0.243308,0.0456358,0.216999,0.451474,1310,0.0,1310.0,1310.0
1.3,1.4,1,2,11,3,198,259380,65,82611,0.871921,0.021832,0.836498,0.906498,1270,189.653,191.0,1322.0
1.3,1.4,1,3,5,3,198,259380,67,87770,0.532587,0.102208,0.222222,0.591497,1310,0.0,1310.0,1310.0
1.3,1.4,1,4,4,3,198,259380,155,203050,0.193853,0.247445,0.00116689,0.535496,1310,0.0,1310.0,1310.0
1.3,1.4,1,5,12,3,198,259380,343,449330,0.147148,0.178515,0.000987242,0.522994,1310,0.0,1310.0,1310.0
1.3,1.4,1,6,10,3,198,259380,0,0,0.0,0.0,0.0,0.0,0,0.0,0.0,0.0
1.3,1.4,1,7,3,3,1181,1547110,56,73360,0.240448,0.219859,0.00499233,0.472492,1310,0.0,1310.0,1310.0
1.3,1.4,1,8,7,3,892,1168520,57,74670,0.0336667,0.0127806,0.0114913,0.0559913,1310,0.0,1310.0,1310.0
1.3,1.4,1,9,1,3,198,259380,65,85150,0.677021,0.00899949,0.66049,0.69449,1310,0.0,1310.0,1310.0
1.3,1.4,1,10,6,3,219,286890,57,74670,0.689673,0.0193922,0.658989,0.720989,1310,0.0,1310.0,1310.0
1.3,1.4,1,11,2,3,198,259380,116,151960,0.784183,0.308522,0.490988,1.14396,1310,0.0,1310.0,1310.0
1.3,1.4,1,12,8,3,198,259380,516,675960,0.268744,0.142754,0.0104869,0.543819,1310,0.0,1310.0,1310.0
1.4,1.5,1,1,9,3,198,259380,62,81220,0.290836,0.0768484,0.245999,0.569581,1310,0.0,1310.0,1310.0
1.4,1.5,1,2,11,3,2494,3267140,104,136240,0.556668,0.543049,0.00349773,1.20397,1310,0.0,1310.0,1310.0
1.4,1.5,1,3,5,3,198,259380,69,90390,0.580639,0.0776772,0.307829,0.672497,1310,0.0,1310.0,1310.0
1.4,1.5,1,4,4,3,198,259380,170,222700,0.210896,0.267673,0.00120261,0.575996,1310,0.0,1310.0,1310.0
1.4,1.5,1,5,12,3,198,259380,162,212220,0.190061,0.257113,0.000987242,0.556994,1310,0.0,1310.0,1310.0
1.4,1.5,1,6,10,3,198,259380,7,9170,0.776636,0.0810914,0.743993,0.960493,1310,0.0,1310.0,1310.0
1.4,1.5,1,7,3,3,198,259380,65,85150,0.360231,0.206221,0.0234923,0.517492,1310,0.0,1310.0,1310.0
1.4,1.5,1,8,7,3,1006,1317853,14,18340,0.231634,0.340171,0.0514913,0.860491,1310,0.0,1310.0,1310.0
1.4,1.5,1,9,1,3,198,259380,58,75980,0.711309,0.0105205,0.69199,0.72999,1310,0.0,1310.0,1310.0
1.4,1.5,1,10,6,3,1682,2203420,64,83840,0.264169,0.34406,0.00448909,0.745989,1310,0.0,1310.0,1310.0
1.4,1.5,1,11,2,3,198,259380,105,137550,0.831817,0.302362,0.535488,1.18182,1310,0.0,1310.0,1310.0
1.4,1.5,1,12,8,3,269,352390,64,83840,0.0728423,0.013777,0.0474869,0.0944869,1310,0.0,1310.0,1310.0
1.5,1.6,1,1,9,3,198,259380,65,85150,0.314022,0.0154099,0.288499,0.338999,1310,0.0,1310.0,1310.0
1.5,1.6,1,2,11,3,198,259380,59,77290,0.102183,0.207881,0.0449977,1.21508,1310,0.0,1310.0,1310.0
1.5,1.6,1,3,5,3,198,259380,66,86460,0.610127,0.0629144,0.413579,0.644497,1310,0.0,1310.0,1310.0
1.5,1.6,1,4,4,3,198,259380,164,214840,0.209066,0.280325,0.00116689,0.605996,1310,0.0,1310.0,1310.0
1.5,1.6,1,5,12,3,198,259380,173,226630,0.194844,0.27385,0.000987242,0.602994,1310,0.0,1310.0,1310.0
1.5,1.6,1,6,10,3,1657,2170670,271,355010,0.809136,0.432154,0.00449341,1.36033,1310,0.0,1310.0,1310.0
1.5,1.6,1,7,3,3,198,259380,90,117900,0.310637,0.209415,0.00382437,0.478992,1310,0.0,1310.0,1310.0
1.5,1.6,1,8,7,3,198,259380,14,18101,0.127777,0.255232,0.0549913,1.01449,1292,63.8754,1071.0,1310.0
1.5,1.6,1,9,1,3,198,259380,57,74670,0.752603,0.0144947,0.72799,0.77799,1310,0.0,1310.0,1310.0
1.5,1.6,1,10,6,3,995,1303450,58,75980,0.140153,0.261745,0.0289891,0.907989,1310,0.0,1310.0,1310.0
1.5,1.6,1,11,2,3,198,259380,84,110040,0.787014,0.294631,0.574488,1.24368,1310,0.0,1310.0,1310.0
1.5,1.6,1,12,8,3,198,259380,64,83840,0.18644,0.030697,0.0959869,0.212487,1310,0.0,1310.0,1310.0
1.6,1.7,1,1,9,3,198,259380,69,90390,0.428756,0.146707,0.340499,0.777581,1310,0.0,1310.0,1310.0
1.6,1.7,1,2,11,3,1502,1967620,65,85150,0.09739,0.0111606,0.0769977,0.118998,1310,0.0,1310.0,1310.0
1.6,1.7,1,3,5,3,198,259380,61,79910,0.654432,0.0391011,0.504936,0.683497,1310,0.0,1310.0,1310.0
1.6,1.7,1,4,4,3,198,259380,144,188640,0.249237,0.306876,0.00123832,0.648496,1310,0.0,1310.0,1310.0
1.6,1.7,1,5,12,3,198,259380,161,210910,0.253338,0.307455,0.000987242,0.649994,1310,0.0,1310.0,1310.0
1.6,1.7,1,6,10,3,198,259380,252,330120,0.452592,0.225459,0.0344934,0.733004,1310,0.0,1310.0,1310.0
1.6,1.7,1,7,3,3,257,336670,58,75980,0.48682,0.0109839,0.468492,0.505992,1310,0.0,1310.0,1310.0
1.6,1.7,1,8,7,3,198,259380,59,77290,0.104628,0.133312,0.0634913,1.10657,1310,0.0,1310.0,1310.0
1.6,1.7,1,9,1,3,198,259380,65,85150,0.818859,0.0220918,0.78349,0.85399,1310,0.0,1310.0,1310.0
1.6,1.7,1,10,6,3,1709,2238790,51,66810,0.0235577,0.010878,0.00398909,0.0399891,1310,0.0,1310.0,1310.0
1.6,1.7,1,11,2,3,198,259380,76,99560,0.725056,0.236355,0.608488,1.33607,1310,0.0,1310.0,1310.0
1.6,1.7,1,12,8,3,198,259380,58,75980,0.238711,0.0182113,0.210987,0.268487,1310,0.0,1310.0,1310.0
1.7,1.8,1,1,9,3,198,259380,59,77290,0.409814,0.0569713,0.384999,0.834081,1310,0.0,1310.0,1310.0
1.7,1.8,1,2,11,3,1724,2258440,51,66810,0.0280173,0.00990957,0.00399773,0.0444977,1310,0.0,1310.0,1310.0
1.7,1.8,1,3,5,3,198,259380,73,95630,0.706141,0.0307829,0.633186,0.748997,1310,0.0,1310.0,1310.0
1.7,1.8,1,4,4,3,198,259380,164,214840,0.266408,0.328309,0.00113118,0.691496,1310,0.0,1310.0,1310.0
1.7,1.8,1,5,12,3,198,259380,155,203050,0.243748,0.319058,0.000987242,0.680994,1310,0.0,1310.0,1310.0
1.7,1.8,1,6,10,3,198,259380,247,323570,0.361377,0.159528,0.0764934,0.557504,1310,0.0,1310.0,1310.0
1.7,1.8,1,7,3,3,198,259380,160,209600,0.212037,0.257515,0.00123508,0.547992,1310,0.0,1310.0,1310.0
1.7,1.8,1,8,7,3,902,1181620,57,74670,0.129509,0.0118367,0.106991,0.149491,1310,0.0,1310.0,1310.0
1.7,1.8,1,9,1,3,198,259380,57,74670,0.890095,0.0193004,0.85899,0.92099,1310,0.0,1310.0,1310.0
1.7,1.8,1,10,6,3,1496,1959760,41,53710,0.0256354,0.0140273,0.00648909,0.0549891,1310,0.0,1310.0,1310.0
1.7,1.8,1,11,2,3,198,259380,67,87770,0.776112,0.250811,0.649488,1.408,1310,0.0,1310.0,1310.0
1.7,1.8,1,12,8,3,198,259380,57,74670,0.305092,0.0193004,0.273987,0.335987,1310,0.0,1310.0,1310.0
1.8,1.9,1,1,9,3,198,259380,64,83840,0.441475,0.0147265,0.417499,0.467999,1310,0.0,1310.0,1310.0
1.8,1.9,1,2,11,3,2106,2758860,51,66810,0.0445762,0.0209708,0.00399773,0.0699977,1310,0.0,1310.0,1310.0
1.8,1.9,1,3,5,3,198,259380,78,102180,0.751405,0.0401769,0.663686,0.795997,1310,0.0,1310.0,1310.0
1.8,1.9,1,4,4,3,198,259380,145,189950,0.281395,0.346619,0.00105975,0.733996,1310,0.0,1310.0,1310.0
1.8,1.9,1,5,12,3,198,259380,135,176850,0.295287,0.34312,0.000987242,0.717494,1310,0.0,1310.0,1310.0
1.8,1.9,1,6,10,3,198,259380,300,393000,0.312306,0.108008,0.106993,0.495325,1310,0.0,1310.0,1310.0
1.8,1.9,1,7,3,3,200,262000,61,79910,0.537902,0.123506,0.00132437,0.584992,1310,0.0,1310.0,1310.0
1.8,1.9,1,8,7,3,198,259380,65,85150,0.253784,0.304208,0.145491,1.30199,1310,0.0,1310.0,1310.0
1.8,1.9,1,9,1,3,198,259380,58,75980,0.957654,0.0195653,0.92649,0.98849,1310,0.0,1310.0,1310.0
1.8,1.9,1,10,6,3,198,259380,58,75980,0.0579719,0.0126161,0.0349891,0.0764891,1310,0.0,1310.0,1310.0
1.8,1.9,1,11,2,3,198,259380,73,95630,0.869961,0.305222,0.690488,1.48443,1310,0.0,1310.0,1310.0
1.8,1.9,1,12,8,3,198,259380,65,85150,0.376487,0.0220227,0.341487,0.411487,1310,0.0,1310.0,1310.0
1.9,2.0,1,1,9,3,198,259380,71,93010,0.593892,0.225757,0.466999,1.06908,1310,0.0,1310.0,1310.0
1.9,2.0,1,2,11,3,759,994290,149,195190,0.204045,0.495332,0.00113334,1.648,1310,0.0,1310.0,1310.0
1.9,2.0,1,3,5,3,198,259380,72,94320,0.798987,0.0292206,0.724436,0.831997,1310,0.0,1310.0,1310.0
1.9,2.0,1,4,4,3,198,259380,161,210910,0.271183,0.36105,0.00100618,0.768996,1310,0.0,1310.0,1310.0
1.9,2.0,1,5,12,3,198,259380,167,218770,0.288985,0.360089,0.0010051,0.757994,1310,0.0,1310.0,1310.0
1.9,2.0,1,6,10,3,198,259380,113,148030,0.239664,0.0672148,0.154993,0.331325,1310,0.0,1310.0,1310.0
1.9,2.0,1,7,3,3,198,259380,57,74670,0.60301,0.00993994,0.585492,0.620992,1310,0.0,1310.0,1310.0
1.9,2.0,1,8,7,3,198,259380,57,74670,1.25093,0.0186665,1.23299,1.30149,1310,0.0,1310.0,1310.0
1.9,2.0,1,9,1,3,198,259380,64,83840,1.02893,0.0217926,0.99349,1.06399,1310,0.0,1310.0,1310.0
1.9,2.0,1,10,6,3,571,748010,57,74670,0.0928224,0.0108325,0.0754891,0.113989,1310,0.0,1310.0,1310.0
1.9,2.0,1,11,2,3,198,259380,77,100870,0.875414,0.27871,0.732988,1.55293,1310,0.0,1310.0,1310.0
1.9,2.0,1,12,8,3,198,259380,57,74670,0.447882,0.0193004,0.416987,0.478987,1310,0.0,1310.0,1310.0
2.0,2.1,1,1,9,3,198,259380,164,214840,0.874464,0.256482,0.506499,1.07158,1310,0.0,1310.0,1310.0
2.0,2.1,1,2,11,3,198,259380,60,78600,1.50609,0.359715,0.00157977,1.7525,1310,0.0,1310.0,1310.0
2.0,2.1,1,3,5,3,198,259380,72,94320,0.853305,0.0139133,0.814936,0.884829,1310,0.0,1310.0,1310.0
2.0,2.1,1,4,4,3,198,259380,79,103490,0.655494,0.297755,0.00857761,0.816996,1310,0.0,1310.0,1310.0
2.0,2.1,1,5,12,3,198,259380,153,200430,0.296597,0.379353,0.0010051,0.805494,1310,0.0,1310.0,1310.0
2.0,2.1,1,6,10,3,198,259380,134,175540,0.288558,0.0638025,0.192493,0.350183,1310,0.0,1310.0,1310.0
2.0,2.1,1,7,3,3,198,259380,65,85150,0.653038,0.0206278,0.620992,0.686992,1310,0.0,1310.0,1310.0
2.0,2.1,1,8,7,3,198,259380,58,75980,1.19636,0.118838,0.321991,1.24399,1310,0.0,1310.0,1310.0
2.0,2.1,1,9,1,3,198,259380,58,75980,1.10045,0.019748,1.06949,1.13149,1310,0.0,1310.0,1310.0
2.0,2.1,1,10,6,3,198,259380,65,85150,0.138066,0.014041,0.114489,0.161989,1310,0.0,1310.0,1310.0
2.0,2.1,1,11,2,3,198,259380,71,93010,0.948193,0.311871,0.783988,1.62768,1310,0.0,1310.0,1310.0
2.0,2.1,1,12,8,3,198,259380,58,75980,0.515237,0.0194781,0.484487,0.545987,1310,0.0,1310.0,1310.0
2.1,2.2,1,1,9,3,198,259380,181,237110,0.875596,0.232505,0.540499,1.05358,1310,0.0,1310.0,1310.0
2.1,2.2,1,2,11,3,198,259380,58,75980,1.42745,0.179267,0.12033,1.5175,1310,0.0,1310.0,1310.0
2.1,2.2,1,3,5,3,198,259380,75,98250,0.900804,0.020814,0.874997,0.957186,1310,0.0,1310.0,1310.0
2.1,2.2,1,4,4,3,198,259380,57,74670,0.835504,0.0108864,0.814496,0.855496,1310,0.0,1310.0,1310.0
2.1,2.2,1,5,12,3,198,259380,160,209600,0.293333,0.393938,0.0010051,0.841494,1310,0.0,1310.0,1310.0
2.1,2.2,1,6,10,3,198,259380,297,389070,0.270719,0.0397174,0.193325,0.345254,1310,0.0,1310.0,1310.0
2.1,2.2,1,7,3,3,269,352390,57,74670,0.723387,0.0193004,0.692492,0.754492,1310,0.0,1310.0,1310.0
2.1,2.2,1,8,7,3,198,259380,64,83840,1.17797,0.00868242,1.16249,1.19299,1310,0.0,1310.0,1310.0
2.1,2.2,1,9,1,3,198,259380,57,74670,1.1676,0.0193004,1.13649,1.19849,1310,0.0,1310.0,1310.0
2.1,2.2,1,10,6,3,198,259380,57,74670,1.0398,0.440559,0.159989,1.41749,1310,0.0,1310.0,1310.0
2.1,2.2,1,11,2,3,198,259380,77,100870,1.0615,0.377194,0.819988,1.71575,1310,0.0,1310.0,1310.0
2.1,2.2,1,12,8,3,198,259380,64,83840,0.586737,0.0217562,0.551487,0.621987,1310,0.0,1310.0,1310.0
2.2,2.3,1,1,9,3,198,259380,181,237110,0.890501,0.187713,0.593999,1.04283,1310,0.0,1310.0,1310.0
2.2,2.3,1,2,11,3,198,259380,66,86460,1.27966,0.128616,0.28533,1.363,1310,0.0,1310.0,1310.0
2.2,2.3,1,3,5,3,198,259380,61,79910,0.932054,0.0284244,0.904497,1.05122,1310,0.0,1310.0,1310.0
2.2,2.3,1,4,4,3,198,259380,325,425750,0.226911,0.305323,0.000988322,0.896996,1310,0.0,1310.0,1310.0
2.2,2.3,1,5,12,3,198,259380,151,197810,0.369483,0.425268,0.00102296,0.876994,1310,0.0,1310.0,1310.0
2.2,2.3,1,6,10,3,198,259380,153,200430,0.234012,0.0571507,0.180183,0.329993,1310,0.0,1310.0,1310.0
2.2,2.3,1,7,3,3,1672,2190320,50,65500,0.787592,0.0192836,0.759992,0.822992,1310,0.0,1310.0,1310.0
2.2,2.3,1,8,7,3,198,259380,58,75980,1.16926,0.00470928,1.15849,1.17949,1310,0.0,1310.0,1310.0
2.2,2.3,1,9,1,3,198,259380,65,85150,1.23917,0.0218424,1.20399,1.27399,1310,0.0,1310.0,1310.0
2.2,2.3,1,10,6,3,198,259380,58,75980,0.835248,0.117953,0.336989,1.06149,1310,0.0,1310.0,1310.0
2.2,2.3,1,11,2,3,198,259380,92,120520,1.13245,0.402404,0.857488,1.78668,1310,0.0,1310.0,1310.0
2.2,2.3,1,12,8,3,198,259380,58,75980,0.65803,0.019748,0.626987,0.688987,1310,0.0,1310.0,1310.0
2.3,2.4,1,1,9,3,198,259380,162,212220,0.877758,0.168096,0.634499,1.00833,1310,0.0,1310.0,1310.0
2.3,2.4,1,2,11,3,198,259380,59,77290,1.1548,0.108062,0.39508,1.23,1310,0.0,1310.0,1310.0
2.3,2.4,1,3,5,3,198,259380,65,85150,0.965158,0.011011,0.943997,0.983997,1310,0.0,1310.0,1310.0
2.3,2.4,1,4,4,3,198,259380,124,162440,0.489728,0.446108,0.000988322,0.933496,1310,0.0,1310.0,1310.0
2.3,2.4,1,5,12,3,198,259380,146,191260,0.349714,0.436289,0.00102296,0.915494,1310,0.0,1310.0,1310.0
2.3,2.4,1,6,10,3,198,259380,115,150650,0.285627,0.0676587,0.196183,0.371993,1310,0.0,1310.0,1310.0
2.3,2.4,1,7,3,3,198,259380,63,82530,0.845972,0.00573601,0.835771,0.854074,1310,0.0,1310.0,1310.0
2.3,2.4,1,8,7,3,198,259380,57,74670,1.15622,0.00723216,1.13949,1.17299,1310,0.0,1310.0,1310.0
2.3,2.4,1,9,1,3,198,259380,57,74670,1.3106,0.0193004,1.27949,1.34149,1310,0.0,1310.0,1310.0
2.3,2.4,1,10,6,3,1159,1518290,66,86460,0.120567,0.24548,0.00648909,0.743489,1310,0.0,1310.0,1310.0
2.3,2.4,1,11,2,3,198,259380,81,106110,1.19042,0.419918,0.897488,1.86166,1310,0.0,1310.0,1310.0
2.3,2.4,1,12,8,3,198,259380,57,74670,0.725382,0.0193004,0.694487,0.756487,1310,0.0,1310.0,1310.0
2.4,2.5,1,1,9,3,198,259380,824,1079440,0.661685,0.186691,0.327831,0.998831,1310,0.0,1310.0,1310.0
2.4,2.5,1,2,11,3,198,259380,58,75980,1.03485,0.082286,0.48108,1.1065,1310,0.0,1310.0,1310.0
2.4,2.5,1,3,5,3,198,259380,69,90390,1.04098,0.0858722,0.985497,1.23833,1310,0.0,1310.0,1310.0
2.4,2.5,1,4,4,3,198,259380,185,242350,0.31908,0.425642,0.0185776,0.966996,1310,0.0,1310.0,1310.0
2.4,2.5,1,5,12,3,198,259380,150,196500,0.358788,0.451904,0.00105867,0.941994,1310,0.0,1310.0,1310.0
2.4,2.5,1,6,10,3,198,259380,172,225320,0.283042,0.0863947,0.202325,0.418493,1310,0.0,1310.0,1310.0
2.4,2.5,1,7,3,3,994,1302140,1,1310,0.836074,0.0,0.836074,0.836074,1310,0.0,1310.0,1310.0
2.4,2.5,1,8,7,3,249,326190,65,85150,1.13194,0.00638794,1.11899,1.14949,1310,0.0,1310.0,1310.0
2.4,2.5,1,9,1,3,198,259380,58,75980,1.37795,0.019748,1.34699,1.40899,1310,0.0,1310.0,1310.0
2.4,2.5,1,10,6,3,198,259380,58,75980,0.0660786,0.0950762,0.0344891,0.772678,1310,0.0,1310.0,1310.0
2.4,2.5,1,11,2,3,198,259380,98,128380,1.34201,0.457906,0.941488,1.92168,1310,0.0,1310.0,1310.0
2.4,2.5,1,12,8,3,198,259380,65,85150,0.796802,0.0218424,0.761987,0.831987,1310,0.0,1310.0,1310.0
2.5,2.6,1,1,9,3,198,259380,169,221390,0.45081,0.207439,0.292831,0.753999,1310,0.0,1310.0,1310.0
2.5,2.6,1,2,11,3,198,259380,74,96940,0.896194,0.134621,0.51083,0.982998,1310,0.0,1310.0,1310.0
2.5,2.6,1,3,5,3,198,259380,113,148030,1.14669,0.113961,1.019,1.29097,1310,0.0,1310.0,1310.0
2.5,2.6,1,4,4,3,198,259380,148,193880,0.387923,0.471017,0.00857761,0.998996,1310,0.0,1310.0,1310.0
2.5,2.6,1,5,12,3,198,259380,153,200430,0.402217,0.473568,0.00116581,0.980994,1310,0.0,1310.0,1310.0
2.5,2.6,1,6,10,3,198,259380,138,180780,0.302438,0.114155,0.197075,0.455493,1310,0.0,1310.0,1310.0
2.5,2.6,1,7,3,3,216,282960,0,0,0.0,0.0,0.0,0.0,0,0.0,0.0,0.0
2.5,2.6,1,8,7,3,212,277720,57,74670,1.1489,0.0100574,1.12949,1.16799,1310,0.0,1310.0,1310.0
2.5,2.6,1,9,1,3,198,259380,64,83840,1.44924,0.0217562,1.41399,1.48449,1310,0.0,1310.0,1310.0
2.5,2.6,1,10,6,3,198,259380,60,78600,0.126013,0.153194,0.0744891,0.941571,1310,0.0,1310.0,1310.0
2.5,2.6,1,11,2,3,198,259380,67,87770,1.04867,0.196663,0.983488,1.96907,1310,0.0,1310.0,1310.0
2.5,2.6,1,12,8,3,198,259380,57,74670,0.868382,0.0193004,0.837487,0.899487,1310,0.0,1310.0,1310.0
2.6,2.7,1,1,9,3,198,259380,233,305230,0.389859,0.218089,0.228581,0.788499,1310,0.0,1310.0,1310.0
2.6,2.7,1,2,11,3,198,259380,61,79910,0.907891,0.0694425,0.62408,0.944498,1310,0.0,1310.0,1310.0
2.6,2.7,1,3,5,3,198,259380,66,86460,1.08972,0.0294467,1.06,1.29097,1310,0.0,1310.0,1310.0
2.6,2.7,1,4,4,3,198,259380,173,226630,0.390382,0.492042,0.00132761,1.048,1310,0.0,1310.0,1310.0
2.6,2.7,1,5,12,3,198,259380,150,196500,0.388177,0.488083,0.0011301,1.02149,1310,0.0,1310.0,1310.0
2.6,2.7,1,6,10,3,198,259380,170,222700,0.287756,0.13211,0.183825,0.497993,1310,0.0,1310.0,1310.0
2.6,2.7,1,7,3,3,198,259380,0,0,0.0,0.0,0.0,0.0,0,0.0,0.0,0.0
2.6,2.7,1,8,7,3,221,289510,58,75980,1.18676,0.0118541,1.16749,1.20849,1310,0.0,1310.0,1310.0
2.6,2.7,1,9,1,3,198,259380,58,75980,1.52074,0.0194781,1.48999,1.55149,1310,0.0,1310.0,1310.0
2.6,2.7,1,10,6,3,198,259380,70,91700,0.199389,0.222805,0.113489,1.00782,1310,0.0,1310.0,1310.0
2.6,2.7,1,11,2,3,198,259380,83,108730,1.34479,0.45786,1.02949,2.06618,1310,0.0,1310.0,1310.0
2.6,2.7,1,12,8,3,198,259380,58,75980,0.93553,0.019748,0.904487,0.966487,1310,0.0,1310.0,1310.0
2.7,2.8,1,1,9,3,198,259380,253,331430,0.349512,0.274763,0.139081,0.838499,1310,0.0,1310.0,1310.0
2.7,2.8,1,2,11,3,198,259380,108,141480,0.838663,0.0888141,0.73658,0.938998,1310,0.0,1310.0,1310.0
2.7,2.8,1,3,5,3,198,259380,57,74670,1.12757,0.00922557,1.1105,1.146,1310,0.0,1310.0,1310.0
2.7,2.8,1,4,4,3,198,259380,152,199120,0.405025,0.51796,0.00157761,1.0945,1310,0.0,1310.0,1310.0
2.7,2.8,1,5,12,3,198,259380,164,214840,0.3623,0.49622,0.00102296,1.06299,1310,0.0,1310.0,1310.0
2.7,2.8,1,6,10,3,198,259380,232,303920,0.257508,0.165502,0.126915,0.541493,1310,0.0,1310.0,1310.0
2.7,2.8,1,7,3,3,198,259380,0,0,0.0,0.0,0.0,0.0,0,0.0,0.0,0.0
2.7,2.8,1,8,7,3,198,259380,64,83840,1.23787,0.0163245,1.20899,1.26449,1310,0.0,1310.0,1310.0
2.7,2.8,1,9,1,3,198,259380,57,74670,1.5881,0.0193004,1.55699,1.61899,1310,0.0,1310.0,1310.0
2.7,2.8,1,10,6,3,198,259380,66,86460,0.298917,0.303416,0.156989,1.06582,1310,0.0,1310.0,1310.0
2.7,2.8,1,11,2,3,198,259380,67,87770,1.2338,0.374397,1.06249,2.15768,1310,0.0,1310.0,1310.0
2.7,2.8,1,12,8,3,198,259380,64,83840,1.00705,0.0217926,0.971987,1.04249,1310,0.0,1310.0,1310.0
2.8,2.9,1,1,9,3,198,259380,300,393000,0.218829,0.310452,0.00283085,0.875999,1310,0.0,1310.0,1310.0
2.8,2.9,1,2,11,3,198,259380,68,89080,0.948694,0.0557818,0.73358,0.987498,1310,0.0,1310.0,1310.0
2.8,2.9,1,3,5,3,198,259380,57,74670,1.15815,0.00819852,1.1435,1.1725,1310,0.0,1310.0,1310.0
2.8,2.9,1,4,4,3,198,259380,173,226630,0.37754,0.526001,0.00123832,1.1345,1310,0.0,1310.0,1310.0
2.8,2.9,1,5,12,3,198,259380,169,221390,0.416186,0.526743,0.000987242,1.10549,1310,0.0,1310.0,1310.0
2.8,2.9,1,6,10,3,198,259380,158,206980,0.280327,0.214597,0.110968,0.587493,1310,0.0,1310.0,1310.0
2.8,2.9,1,7,3,3,198,259380,0,0,0.0,0.0,0.0,0.0,0,0.0,0.0,0.0
2.8,2.9,1,8,7,3,2719,3561890,58,75980,1.27894,0.010048,1.26299,1.29649,1310,0.0,1310.0,1310.0
2.8,2.9,1,9,1,3,198,259380,65,85150,1.65949,0.0220227,1.62449,1.69449,1310,0.0,1310.0,1310.0
2.8,2.9,1,10,6,3,198,259380,65,85150,0.313434,0.281803,0.194989,1.1375,1310,0.0,1310.0,1310.0
2.8,2.9,1,11,2,3,198,259380,90,117900,1.41919,0.489019,1.09499,2.23757,1310,0.0,1310.0,1310.0
2.8,2.9,1,12,8,3,198,259380,58,75980,1.07832,0.0195653,1.04749,1.10949,1310,0.0,1310.0,1310.0
2.9,3.0,1,1,9,3,198,259380,157,205670,0.33224,0.430794,0.00124156,0.913499,1310,0.0,1310.0,1310.0
2.9,3.0,1,2,11,3,198,259380,59,77290,1.00657,0.0169954,0.90708,1.027,1310,0.0,1310.0,1310.0
2.9,3.0,1,3,5,3,198,259380,65,85150,1.19428,0.0138874,1.1685,1.2185,1310,0.0,1310.0,1310.0
2.9,3.0,1,4,4,3,198,259380,153,200430,0.484422,0.57053,0.00123832,1.178,1310,0.0,1310.0,1310.0
2.9,3.0,1,5,12,3,198,259380,156,204360,0.414276,0.543195,0.000987242,1.14999,1310,0.0,1310.0,1310.0
2.9,3.0,1,6,10,3,198,259380,137,179470,0.320415,0.239964,0.0958254,0.615493,1310,0.0,1310.0,1310.0
2.9,3.0,1,7,3,3,198,259380,0,0,0.0,0.0,0.0,0.0,0,0.0,0.0,0.0
2.9,3.0,1,8,7,3,198,259380,54,70740,0.0295376,0.0136407,0.00399125,0.0509913,1310,0.0,1310.0,1310.0
2.9,3.0,1,9,1,3,198,259380,57,74670,1.73088,0.0193004,1.69999,1.76199,1310,0.0,1310.0,1310.0
2.9,3.0,1,10,6,3,198,259380,65,85150,0.243358,0.0102847,0.224489,0.263489,1310,0.0,1310.0,1310.0
2.9,3.0,1,11,2,3,198,259380,79,103490,1.47922,0.508876,1.14549,2.31171,1310,0.0,1310.0,1310.0
2.9,3.0,1,12,8,3,198,259380,57,74670,1.14588,0.0193004,1.11499,1.17699,1310,0.0,1310.0,1310.0
3.0,3.1,1,1,9,3,198,259380,159,208290,0.38417,0.460073,0.00124156,0.958999,1310,0.0,1310.0,1310.0
3.0,3.1,1,2,11,3,198,259380,57,74670,1.04643,0.0105823,1.0265,1.0645,1310,0.0,1310.0,1310.0
3.0,3.1,1,3,5,3,198,259380,58,75980,1.23545,0.0111017,1.2195,1.2565,1310,0.0,1310.0,1310.0
3.0,3.1,1,4,4,3,198,259380,170,222700,0.410435,0.56922,0.00123832,1.2205,1310,0.0,1310.0,1310.0
3.0,3.1,1,5,12,3,198,259380,103,134930,0.663016,0.576469,0.00232653,1.19099,1310,0.0,1310.0,1310.0
3.0,3.1,1,6,10,3,198,259380,169,221390,0.323638,0.254345,0.116825,0.670993,1310,0.0,1310.0,1310.0
3.0,3.1,1,7,3,3,198,259380,0,0,0.0,0.0,0.0,0.0,0,0.0,0.0,0.0
3.0,3.1,1,8,7,3,1594,2088140,64,83840,0.0744209,0.0137066,0.0514913,0.0989913,1310,0.0,1310.0,1310.0
3.0,3.1,1,9,1,3,198,259380,58,75980,1.79803,0.019748,1.76699,1.82899,1310,0.0,1310.0,1310.0
3.0,3.1,1,10,6,3,198,259380,58,75980,0.284075,0.0125083,0.262989,0.305989,1310,0.0,1310.0,1310.0
3.0,3.1,1,11,2,3,198,259380,73,95630,1.4397,0.464694,1.18549,2.37607,1310,0.0,1310.0,1310.0
3.0,3.1,1,12,8,3,198,259380,65,85150,1.21712,0.0220918,1.18199,1.25249,1310,0.0,1310.0,1310.0
3.1,3.2,1,1,9,3,198,259380,147,192570,0.380632,0.476778,0.00106299,0.998999,1310,0.0,1310.0,1310.0
3.1,3.2,1,2,11,3,198,259380,66,86460,1.08165,0.010474,1.0625,1.102,1310,0.0,1310.0,1310.0
3.1,3.2,1,3,5,3,198,259380,57,74670,1.27512,0.0127448,1.2525,1.2955,1310,0.0,1310.0,1310.0
3.1,3.2,1,4,4,3,198,259380,174,227940,0.408293,0.584629,0.00116689,1.263,1310,0.0,1310.0,1310.0
3.1,3.2,1,5,12,3,198,259380,106,138860,0.763546,0.562121,0.0558265,1.24249,1310,0.0,1310.0,1310.0
3.1,3.2,1,6,10,3,198,259380,213,279030,0.242656,0.269728,0.0520754,0.707993,1310,0.0,1310.0,1310.0
3.1,3.2,1,7,3,3,198,259380,0,0,0.0,0.0,0.0,0.0,0,0.0,0.0,0.0
3.1,3.2,1,8,7,3,198,259380,58,75980,0.118853,0.013082,0.0959913,0.139991,1310,0.0,1310.0,1310.0
3.1,3.2,1,9,1,3,198,259380,64,83840,1.86955,0.0217926,1.83449,1.90499,1310,0.0,1310.0,1310.0
3.1,3.2,1,10,6,3,198,259380,57,74670,0.324322,0.0103529,0.304989,0.343489,1310,0.0,1310.0,1310.0
3.1,3.2,1,11,2,3,198,259380,70,91700,1.34625,0.332698,1.22599,2.44932,1310,0.0,1310.0,1310.0
3.1,3.2,1,12,8,3,198,259380,57,74670,1.28867,0.0193922,1.25799,1.31999,1310,0.0,1310.0,1310.0
3.2,3.3,1,1,9,3,198,259380,168,220080,0.348297,0.483814,0.00117013,1.0395,1310,0.0,1310.0,1310.0
3.2,3.3,1,2,11,3,198,259380,57,74670,1.12326,0.0125439,1.101,1.1435,1310,0.0,1310.0,1310.0
3.2,3.3,1,3,5,3,2229,2919990,65,85150,1.31364,0.0098918,1.2945,1.33,1310,0.0,1310.0,1310.0
3.2,3.3,1,4,4,3,198,259380,161,210910,0.520331,0.628616,0.00147047,1.3025,1310,0.0,1310.0,1310.0
3.2,3.3,1,5,12,3,198,259380,191,250210,0.444984,0.539032,0.0760765,1.27999,1310,0.0,1310.0,1310.0
3.2,3.3,1,6,10,3,198,259380,162,212220,0.282267,0.326879,0.0298254,0.742493,1310,0.0,1310.0,1310.0
3.2,3.3,1,7,3,3,198,259380,50,65261,1.23997,0.0751696,1.21449,1.75749,1305,33.7997,1071.0,1310.0
3.2,3.3,1,8,7,3,198,259380,57,74670,1.13078,0.701092,0.139991,1.63099,1310,0.0,1310.0,1310.0
3.2,3.3,1,9,1,3,198,259380,58,75980,1.94083,0.0195653,1.90999,1.97199,1310,0.0,1310.0,1310.0
3.2,3.3,1,10,6,3,198,259380,87,113970,0.644634,0.481236,0.343989,1.48368,1310,0.0,1310.0,1310.0
3.2,3.3,1,11,2,3,198,259380,58,75980,1.28594,0.0121768,1.26499,1.30699,1310,0.0,1310.0,1310.0
3.2,3.3,1,12,8,3,2849,3732190,58,75980,0.202746,0.453612,0.00648693,1.32849,1310,0.0,1310.0,1310.0
3.3,3.4,1,1,9,3,198,259380,170,222700,0.407117,0.514059,0.00113442,1.079,1310,0.0,1310.0,1310.0
3.3,3.4,1,2,11,3,1407,1843170,58,75980,1.16535,0.0127276,1.145,1.1875,1310,0.0,1310.0,1310.0
3.3,3.4,1,3,5,3,198,259380,123,161130,0.624964,0.671908,0.00116797,1.364,1310,0.0,1310.0,1310.0
3.3,3.4,1,4,4,3,198,259380,140,183400,0.53994,0.649419,0.00155975,1.342,1310,0.0,1310.0,1310.0
3.3,3.4,1,5,12,3,198,259380,119,155890,0.672022,0.606606,0.0735765,1.32049,1310,0.0,1310.0,1310.0
3.3,3.4,1,6,10,3,198,259380,193,252830,0.269485,0.353141,0.00123616,0.787493,1310,0.0,1310.0,1310.0
3.3,3.4,1,7,3,3,198,259380,57,74670,1.26909,0.0132572,1.24499,1.28899,1310,0.0,1310.0,1310.0
3.3,3.4,1,8,7,3,198,259380,65,85150,1.59119,0.164659,0.285991,1.62949,1310,0.0,1310.0,1310.0
3.3,3.4,1,9,1,3,198,259380,57,74670,2.00838,0.0193004,1.97749,2.03949,1310,0.0,1310.0,1310.0
3.3,3.4,1,10,6,3,198,259380,74,96940,0.655965,0.466584,0.385489,1.54621,1310,0.0,1310.0,1310.0
3.3,3.4,1,11,2,3,198,259380,57,74670,1.32885,0.0128524,1.30649,1.35099,1310,0.0,1310.0,1310.0
3.3,3.4,1,12,8,3,1622,2124820,64,83840,0.111088,0.254261,0.0419869,1.51399,1310,0.0,1310.0,1310.0
3.4,3.5,1,1,9,3,198,259380,152,199120,0.422249,0.534724,0.00106299,1.1225,1310,0.0,1310.0,1310.0
3.4,3.5,1,2,11,3,198,259380,64,83840,1.21377,0.0146469,1.19,1.2395,1310,0.0,1310.0,1310.0
3.4,3.5,1,3,5,3,3711,4861410,54,70740,0.923664,0.651132,0.00132869,1.3935,1310,0.0,1310.0,1310.0
3.4,3.5,1,4,4,3,198,259380,164,214840,0.485853,0.650405,0.00150618,1.385,1310,0.0,1310.0,1310.0
3.4,3.5,1,5,12,3,198,259380,198,259380,0.503839,0.586981,0.0680765,1.35949,1310,0.0,1310.0,1310.0
3.4,3.5,1,6,10,3,198,259380,154,201740,0.302384,0.387722,0.00116473,0.819493,1310,0.0,1310.0,1310.0
3.4,3.5,1,7,3,3,198,259380,58,75980,1.30888,0.0269264,1.26849,1.34349,1310,0.0,1310.0,1310.0
3.4,3.5,1,8,7,3,2231,2922610,52,68120,1.14235,0.759849,0.00399125,1.65949,1310,0.0,1310.0,1310.0
3.4,3.5,1,9,1,3,198,259380,65,85150,2.07962,0.0220918,2.04449,2.11499,1310,0.0,1310.0,1310.0
3.4,3.5,1,10,6,3,3758,4922980,53,69430,0.244649,0.21044,0.00498909,0.443989,1310,0.0,1310.0,1310.0
3.4,3.5,1,11,2,3,198,259380,65,85150,1.37354,0.0122449,1.35349,1.39699,1310,0.0,1310.0,1310.0
3.4,3.5,1,12,8,3,198,259380,58,75980,1.54075,0.0136418,1.51799,1.56399,1310,0.0,1310.0,1310.0
3.5,3.6,1,1,9,3,198,259380,140,183400,0.467449,0.559632,0.00133085,1.16,1310,0.0,1310.0,1310.0
3.5,3.6,1,2,11,3,198,259380,65,85150,1.14235,0.339367,0.168723,1.2765,1310,0.0,1310.0,1310.0
3.5,3.6,1,3,5,3,198,259380,65,85150,0.0382505,0.0127326,0.0164967,0.0609967,1310,0.0,1310.0,1310.0
3.5,3.6,1,4,4,3,198,259380,167,218770,0.541666,0.687498,0.000988322,1.438,1310,0.0,1310.0,1310.0
3.5,3.6,1,5,12,3,198,259380,222,290820,0.375595,0.59003,0.00170153,1.39699,1310,0.0,1310.0,1310.0
3.5,3.6,1,6,10,3,198,259380,134,175540,0.363296,0.413575,0.00132545,0.864493,1310,0.0,1310.0,1310.0
3.5,3.6,1,7,3,3,198,259380,65,85150,1.35568,0.0137072,1.33499,1.38199,1310,0.0,1310.0,1310.0
3.5,3.6,1,8,7,3,1262,1653220,57,74670,0.927456,0.860691,0.0204913,1.74199,1310,0.0,1310.0,1310.0
3.5,3.6,1,9,1,3,198,259380,57,74670,2.15117,0.0193922,2.12049,2.18249,1310,0.0,1310.0,1310.0
3.5,3.6,1,10,6,3,198,259380,65,85150,0.0479276,0.0134494,0.0254891,0.0714891,1310,0.0,1310.0,1310.0
3.5,3.6,1,11,2,3,198,259380,61,79910,1.50877,0.349532,1.39299,2.82457,1310,0.0,1310.0,1310.0
3.5,3.6,1,12,8,3,198,259380,57,74670,1.58494,0.0113351,1.56649,1.60449,1310,0.0,1310.0,1310.0
3.6,3.7,1,1,9,3,198,259380,158,206980,0.485841,0.579728,0.00117013,1.1965,1310,0.0,1310.0,1310.0
3.6,3.7,1,2,11,3,198,259380,59,77290,1.2599,0.198384,0.170723,1.3145,1310,0.0,1310.0,1310.0
3.6,3.7,1,3,5,3,198,259380,58,75980,0.0995307,0.201874,0.0549967,1.60847,1310,0.0,1310.0,1310.0
3.6,3.7,1,4,4,3,200,262000,60,78600,1.41304,0.26476,0.000988322,1.4835,1310,0.0,1310.0,1310.0
3.6,3.7,1,5,12,3,198,259380,152,199120,0.54409,0.690188,0.00170153,1.44099,1310,0.0,1310.0,1310.0
3.6,3.7,1,6,10,3,198,259380,115,150650,0.5158,0.415724,0.0290754,0.898493,1310,0.0,1310.0,1310.0
3.6,3.7,1,7,3,3,198,259380,57,74670,1.39576,0.0109846,1.37799,1.41699,1310,0.0,1310.0,1310.0
3.6,3.7,1,8,7,3,2150,2816500,28,36680,1.73344,0.00522519,1.72099,1.74049,1310,0.0,1310.0,1310.0
3.6,3.7,1,9,1,3,198,259380,58,75980,2.21833,0.0195653,2.18749,2.24949,1310,0.0,1310.0,1310.0
3.6,3.7,1,10,6,3,1487,1947970,57,74670,0.0864189,0.0108428,0.0674891,0.103989,1310,0.0,1310.0,1310.0
3.6,3.7,1,11,2,3,198,259380,77,100870,1.82013,0.624946,1.44149,2.93482,1310,0.0,1310.0,1310.0
3.6,3.7,1,12,8,3,198,259380,65,85150,1.62322,0.0111482,1.60399,1.64449,1310,0.0,1310.0,1310.0
3.7,3.8,1,1,9,3,198,259380,153,200430,0.452969,0.588156,0.00113442,1.2365,1310,0.0,1310.0,1310.0
3.7,3.8,1,2,11,3,198,259380,66,86460,1.32407,0.120674,0.36483,1.3615,1310,0.0,1310.0,1310.0
3.7,3.8,1,3,5,3,198,259380,57,74670,0.109856,0.00982787,0.0914967,0.125497,1310,0.0,1310.0,1310.0
3.7,3.8,1,4,4,3,198,259380,57,74670,1.49493,0.0107782,1.4795,1.5165,1310,0.0,1310.0,1310.0
3.7,3.8,1,5,12,3,198,259380,124,162440,0.768124,0.725687,0.00432653,1.49549,1310,0.0,1310.0,1310.0
3.7,3.8,1,6,10,3,198,259380,137,179470,0.438266,0.410577,0.0692183,0.942493,1310,0.0,1310.0,1310.0
3.7,3.8,1,7,3,3,198,259380,57,74670,1.4281,0.0091318,1.41049,1.44449,1310,0.0,1310.0,1310.0
3.7,3.8,1,8,7,3,935,1224850,14,18340,0.0453841,0.022279,0.0284913,0.117491,1310,0.0,1310.0,1310.0
3.7,3.8,1,9,1,3,198,259380,65,85150,2.29054,0.0219815,2.25499,2.32549,1310,0.0,1310.0,1310.0
3.7,3.8,1,10,6,3,198,259380,58,75980,0.117679,0.0125774,0.0969891,0.137989,1310,0.0,1310.0,1310.0
3.7,3.8,1,11,2,3,198,259380,77,100870,1.74895,0.550828,1.48249,2.98721,1310,0.0,1310.0,1310.0
3.7,3.8,1,12,8,3,198,259380,57,74670,1.66535,0.0119271,1.64499,1.68699,1310,0.0,1310.0,1310.0
3.8,3.9,1,1,9,3,198,259380,152,199120,0.479769,0.609569,0.00106299,1.2735,1310,0.0,1310.0,1310.0
3.8,3.9,1,2,11,3,198,259380,57,74670,1.37925,0.0108632,1.3605,1.4,1310,0.0,1310.0,1310.0
3.8,3.9,1,3,5,3,198,259380,65,85150,0.148474,0.0142098,0.121997,0.173497,1310,0.0,1310.0,1310.0
3.8,3.9,1,4,4,3,198,259380,65,85150,1.53611,0.0121101,1.5155,1.556,1310,0.0,1310.0,1310.0
3.8,3.9,1,5,12,3,198,259380,113,148030,0.819267,0.720514,0.0653265,1.53949,1310,0.0,1310.0,1310.0
3.8,3.9,1,6,10,3,198,259380,166,217460,0.389248,0.426021,0.0685754,0.990993,1310,0.0,1310.0,1310.0
3.8,3.9,1,7,3,3,198,259380,65,85150,1.45943,0.0122259,1.43999,1.48349,1310,0.0,1310.0,1310.0
3.8,3.9,1,8,7,3,198,259380,57,74670,0.0565351,0.0128116,0.0339913,0.0789913,1310,0.0,1310.0,1310.0
3.8,3.9,1,9,1,3,198,259380,57,74670,2.36181,0.0193922,2.33049,2.39249,1310,0.0,1310.0,1310.0
3.8,3.9,1,10,6,3,198,259380,64,83840,0.53913,0.339284,0.134989,0.841989,1310,0.0,1310.0,1310.0
3.8,3.9,1,11,2,3,198,259380,66,86460,1.72507,0.503547,1.51699,3.10757,1310,0.0,1310.0,1310.0
3.8,3.9,1,12,8,3,198,259380,58,75980,1.7036,0.0123874,1.68199,1.72499,1310,0.0,1310.0,1310.0
3.9,4.0,1,1,9,3,198,259380,160,209600,0.520388,0.636175,0.00106299,1.323,1310,0.0,1310.0,1310.0
3.9,4.0,1,2,11,3,198,259380,58,75980,1.4152,0.00922289,1.3965,1.431,1310,0.0,1310.0,1310.0
3.9,4.0,1,3,5,3,198,259380,185,242350,1.25481,0.722179,0.170497,1.84608,1310,0.0,1310.0,1310.0
3.9,4.0,1,4,4,3,198,259380,57,74670,1.57671,0.0123787,1.5555,1.5995,1310,0.0,1310.0,1310.0
3.9,4.0,1,5,12,3,198,259380,62,81220,1.44444,0.393485,0.0953265,1.58049,1310,0.0,1310.0,1310.0
3.9,4.0,1,6,10,3,198,259380,122,159820,0.580198,0.460464,0.0714683,1.04049,1310,0.0,1310.0,1310.0
3.9,4.0,1,7,3,3,198,259380,58,75980,1.52016,0.0195653,1.48899,1.55099,1310,0.0,1310.0,1310.0
3.9,4.0,1,8,7,3,198,259380,66,86460,0.104688,0.0199845,0.0824913,0.236002,1310,0.0,1310.0,1310.0
3.9,4.0,1,9,1,3,198,259380,59,77290,2.34647,0.443019,0.00307221,2.45999,1310,0.0,1310.0,1310.0
3.9,4.0,1,10,6,3,198,259380,58,75980,0.810532,0.00699454,0.789489,0.822489,1310,0.0,1310.0,1310.0
3.9,4.0,1,11,2,3,198,259380,92,120520,2.17234,0.767229,1.55649,3.17682,1310,0.0,1310.0,1310.0
3.9,4.0,1,12,8,3,198,259380,65,85150,1.74669,0.0144919,1.72399,1.77149,1310,0.0,1310.0,1310.0
4.0,4.1,1,1,9,3,198,259380,176,230560,0.442521,0.631236,0.00106299,1.3575,1310,0.0,1310.0,1310.0
4.0,4.1,1,2,11,3,198,259380,64,83840,1.4548,0.0130106,1.4305,1.4775,1310,0.0,1310.0,1310.0
4.0,4.1,1,3,5,3,198,259380,89,116590,0.730169,0.671339,0.207497,1.66708,1310,0.0,1310.0,1310.0
4.0,4.1,1,4,4,3,198,259380,58,75980,1.61097,0.00963747,1.593,1.63,1310,0.0,1310.0,1310.0
4.0,4.1,1,5,12,3,198,259380,119,155890,0.978813,0.689042,0.218827,1.62749,1310,0.0,1310.0,1310.0
4.0,4.1,1,6,10,3,198,259380,199,260690,0.370078,0.441529,0.0704683,1.07749,1310,0.0,1310.0,1310.0
4.0,4.1,1,7,3,3,198,259380,57,74670,1.58731,0.0193922,1.55599,1.61799,1310,0.0,1310.0,1310.0
4.0,4.1,1,8,7,3,198,259380,57,74670,0.141711,0.0108673,0.120491,0.159491,1310,0.0,1310.0,1310.0
4.0,4.1,1,9,1,3,227,297370,65,85150,2.49994,0.0219815,2.46499,2.53549,1310,0.0,1310.0,1310.0
4.0,4.1,1,10,6,3,198,259380,57,74670,0.775787,0.0127608,0.752989,0.797989,1310,0.0,1310.0,1310.0
4.0,4.1,1,11,2,3,198,259380,74,96940,1.81599,0.534807,1.59799,3.25682,1310,0.0,1310.0,1310.0
4.0,4.1,1,12,8,3,198,259380,57,74670,1.78876,0.0113378,1.76899,1.80599,1310,0.0,1310.0,1310.0
4.1,4.2,1,1,9,3,198,259380,160,209600,0.490467,0.6589,0.00117013,1.39,1310,0.0,1310.0,1310.0
4.1,4.2,1,2,11,3,198,259380,58,75980,1.49633,0.013581,1.4735,1.521,1310,0.0,1310.0,1310.0
4.1,4.2,1,3,5,3,198,259380,87,113970,0.619957,0.612121,0.250497,1.71933,1310,0.0,1310.0,1310.0
4.1,4.2,1,4,4,3,198,259380,64,83840,1.65077,0.0138423,1.626,1.6755,1310,0.0,1310.0,1310.0
4.1,4.2,1,5,12,3,198,259380,71,93010,1.37645,0.555226,0.233827,1.67199,1310,0.0,1310.0,1310.0
4.1,4.2,1,6,10,3,198,259380,173,226630,0.402955,0.490158,0.0384683,1.12349,1310,0.0,1310.0,1310.0
4.1,4.2,1,7,3,3,198,259380,65,85150,1.65886,0.0220918,1.62349,1.69399,1310,0.0,1310.0,1310.0
4.1,4.2,1,8,7,3,198,259380,58,75980,0.17794,0.0128857,0.155491,0.199991,1310,0.0,1310.0,1310.0
4.1,4.2,1,9,1,3,198,259380,58,75980,2.57215,0.0195653,2.54099,2.60299,1310,0.0,1310.0,1310.0
4.1,4.2,1,10,6,3,198,259380,65,85150,0.903012,0.460331,0.749489,2.34299,1310,0.0,1310.0,1310.0
4.1,4.2,1,11,2,3,198,259380,170,222700,2.71263,0.750057,1.64049,3.27482,1310,0.0,1310.0,1310.0
4.1,4.2,1,12,8,3,198,259380,57,74670,1.82995,0.0142258,1.80649,1.85349,1310,0.0,1310.0,1310.0
4.2,4.3,1,1,9,3,198,259380,156,204360,0.589015,0.695722,0.00100942,1.43,1310,0.0,1310.0,1310.0
4.2,4.3,1,2,11,3,198,259380,57,74670,1.5438,0.0132415,1.5215,1.5675,1310,0.0,1310.0,1310.0
4.2,4.3,1,3,5,3,6606,8653860,37,48470,0.382028,0.324415,0.290997,1.72133,1310,0.0,1310.0,1310.0
4.2,4.3,1,4,4,3,198,259380,58,75980,1.69397,0.0120363,1.6725,1.715,1310,0.0,1310.0,1310.0
4.2,4.3,1,5,12,3,198,259380,105,137550,1.09426,0.67058,0.330327,1.71499,1310,0.0,1310.0,1310.0
4.2,4.3,1,6,10,3,198,259380,190,248900,0.407824,0.532483,0.0104683,1.16749,1310,0.0,1310.0,1310.0
4.2,4.3,1,7,3,3,198,259380,57,74670,1.7294,0.0206473,1.69899,1.76199,1310,0.0,1310.0,1310.0
4.2,4.3,1,8,7,3,198,259380,68,89080,0.240941,0.0902853,0.197491,0.609323,1310,0.0,1310.0,1310.0
4.2,4.3,1,9,1,3,198,259380,128,167680,1.17675,1.31566,0.00119721,2.66999,1310,0.0,1310.0,1310.0
4.2,4.3,1,10,6,3,198,259380,57,74670,2.27604,0.191188,0.860989,2.34149,1310,0.0,1310.0,1310.0
4.2,4.3,1,11,2,3,198,259380,78,102180,2.09359,0.66947,1.68049,3.2365,1310,0.0,1310.0,1310.0
4.2,4.3,1,12,8,3,198,259380,65,85150,1.87358,0.0135199,1.84949,1.89749,1310,0.0,1310.0,1310.0
4.3,4.4,1,1,9,3,198,259380,159,208290,0.52199,0.696044,0.00106299,1.466,1310,0.0,1310.0,1310.0
4.3,4.4,1,2,11,3,198,259380,66,86460,1.58215,0.0788724,0.96033,1.615,1310,0.0,1310.0,1310.0
4.3,4.4,1,3,5,3,1623,2126130,50,65500,0.0226267,0.00997999,0.00499665,0.0399967,1310,0.0,1310.0,1310.0
4.3,4.4,1,4,4,3,198,259380,57,74670,1.7331,0.0118385,1.714,1.753,1310,0.0,1310.0,1310.0
4.3,4.4,1,5,12,3,198,259380,151,197810,0.961136,0.68018,0.367077,1.76649,1310,0.0,1310.0,1310.0
4.3,4.4,1,6,10,3,198,259380,158,206980,0.433868,0.568295,0.00116473,1.20649,1310,0.0,1310.0,1310.0
4.3,4.4,1,7,3,3,3839,5029090,51,66810,1.50935,0.653423,0.00349233,1.81099,1310,0.0,1310.0,1310.0
4.3,4.4,1,8,7,3,198,259380,73,95630,0.60291,0.759996,0.240491,2.40722,1310,0.0,1310.0,1310.0
4.3,4.4,1,9,1,3,202,264620,67,87770,2.63,0.464979,0.00182221,2.74599,1310,0.0,1310.0,1310.0
4.3,4.4,1,10,6,3,198,259380,58,75980,2.27666,0.00796954,2.26399,2.29649,1310,0.0,1310.0,1310.0
4.3,4.4,1,11,2,3,198,259380,403,527930,2.95799,0.539055,1.72249,3.31932,1310,0.0,1310.0,1310.0
4.3,4.4,1,12,8,3,198,259380,58,75980,1.91705,0.0110842,1.89699,1.93549,1310,0.0,1310.0,1310.0
4.4,4.5,1,1,9,3,198,259380,171,224010,0.503754,0.699839,0.00102728,1.4985,1310,0.0,1310.0,1310.0
4.4,4.5,1,2,11,3,198,259380,67,87770,1.54651,0.218811,0.993008,1.656,1310,0.0,1310.0,1310.0
4.4,4.5,1,3,5,3,983,1287730,64,83840,0.117114,0.150828,0.0389967,0.539997,1310,0.0,1310.0,1310.0
4.4,4.5,1,4,4,3,198,259380,65,85150,1.77965,0.0139191,1.7545,1.8015,1310,0.0,1310.0,1310.0
4.4,4.5,1,5,12,3,198,259380,519,679890,0.345673,0.519483,0.000987242,1.80949,1310,0.0,1310.0,1310.0
4.4,4.5,1,6,10,3,198,259380,152,199120,0.469959,0.59797,0.00112902,1.25049,1310,0.0,1310.0,1310.0
4.4,4.5,1,7,3,3,2087,2733970,64,83840,0.650508,0.890427,0.0159923,1.92299,1310,0.0,1310.0,1310.0
4.4,4.5,1,8,7,3,198,259380,65,85150,0.552265,0.681426,0.281991,2.36932,1310,0.0,1310.0,1310.0
4.4,4.5,1,9,1,3,198,259380,57,74670,2.7821,0.0193004,2.75099,2.81299,1310,0.0,1310.0,1310.0
4.4,4.5,1,10,6,3,198,259380,64,83840,2.26548,0.0127433,2.23499,2.28349,1310,0.0,1310.0,1310.0
4.4,4.5,1,11,2,3,198,259380,128,167680,2.49765,0.640781,1.76049,3.08932,1310,0.0,1310.0,1310.0
4.4,4.5,1,12,8,3,198,259380,57,74670,1.9582,0.0138222,1.93399,1.98049,1310,0.0,1310.0,1310.0
4.5,4.6,1,1,9,3,198,259380,170,222700,0.574132,0.738775,0.00102728,1.5475,1310,0.0,1310.0,1310.0
4.5,4.6,1,2,11,3,1368,1792080,60,78600,1.65344,0.112632,1.05333,1.6945,1310,0.0,1310.0,1310.0
4.5,4.6,1,3,5,3,1720,2253200,7,9170,0.533711,0.00910521,0.523997,0.547497,1310,0.0,1310.0,1310.0
4.5,4.6,1,4,4,3,198,259380,58,75980,1.82356,0.0122071,1.804,1.845,1310,0.0,1310.0,1310.0
4.5,4.6,1,5,12,3,198,259380,80,104800,1.3303,0.805731,0.000987242,1.84449,1310,0.0,1310.0,1310.0
4.5,4.6,1,6,10,3,198,259380,158,206980,0.516546,0.625369,0.00112902,1.29549,1310,0.0,1310.0,1310.0
4.5,4.6,1,7,3,3,198,259380,58,75980,1.93973,0.0143179,1.91549,1.96299,1310,0.0,1310.0,1310.0
4.5,4.6,1,8,7,3,198,259380,70,91700,0.483354,0.528149,0.313491,2.41007,1310,0.0,1310.0,1310.0
4.5,4.6,1,9,1,3,198,259380,58,75980,2.84965,0.0195653,2.81849,2.88049,1310,0.0,1310.0,1310.0
4.5,4.6,1,10,6,3,198,259380,58,75980,2.23433,0.0049377,2.22449,2.24649,1310,0.0,1310.0,1310.0
4.5,4.6,1,11,2,3,198,259380,124,162440,2.50493,0.642283,1.80399,3.11482,1310,0.0,1310.0,1310.0
4.5,4.6,1,12,8,3,198,259380,65,85150,2.00724,0.014019,1.98349,2.03049,1310,0.0,1310.0,1310.0
4.6,4.7,1,1,9,3,198,259380,155,203050,0.589528,0.762003,0.000991562,1.5915,1310,0.0,1310.0,1310.0
4.6,4.7,1,2,11,3,4368,5722080,59,77290,0.224057,0.544594,0.00399773,1.6995,1310,0.0,1310.0,1310.0
4.6,4.7,1,3,5,3,1108,1451480,6,7860,0.0484133,0.00321585,0.0439967,0.0514967,1310,0.0,1310.0,1310.0
4.6,4.7,1,4,4,3,198,259380,57,74670,1.85382,0.00896097,1.837,1.872,1310,0.0,1310.0,1310.0
4.6,4.7,1,5,12,3,198,259380,70,91700,1.70662,0.500508,0.0760765,1.87949,1310,0.0,1310.0,1310.0
4.6,4.7,1,6,10,3,198,259380,154,201740,0.496118,0.638021,0.00112902,1.33149,1310,0.0,1310.0,1310.0
4.6,4.7,1,7,3,3,198,259380,57,74670,1.98591,0.0111759,1.96599,2.00649,1310,0.0,1310.0,1310.0
4.6,4.7,1,8,7,3,198,259380,74,96940,0.851952,0.867947,0.361491,2.45322,1310,0.0,1310.0,1310.0
4.6,4.7,1,9,1,3,214,280340,64,83840,2.92093,0.0217926,2.88549,2.95599,1310,0.0,1310.0,1310.0
4.6,4.7,1,10,6,3,198,259380,57,74670,2.24473,0.00675205,2.23249,2.25849,1310,0.0,1310.0,1310.0
4.6,4.7,1,11,2,3,198,259380,145,189950,2.56969,0.622853,1.84199,3.13382,1310,0.0,1310.0,1310.0
4.6,4.7,1,12,8,3,3556,4658360,53,69430,1.08374,1.0183,0.00498693,2.04749,1310,0.0,1310.0,1310.0
4.7,4.8,1,1,9,3,198,259380,163,213530,0.562128,0.767544,0.000991562,1.625,1310,0.0,1310.0,1310.0
4.7,4.8,1,2,11,3,2919,3823883,57,74670,0.0354188,0.0217834,0.00449773,0.0664977,1310,0.0,1310.0,1310.0
4.7,4.8,1,3,5,3,198,259380,57,74670,2.22758,0.530773,0.140997,3.0115,1310,0.0,1310.0,1310.0
4.7,4.8,1,4,4,3,198,259380,65,85150,1.89044,0.0121067,1.8685,1.911,1310,0.0,1310.0,1310.0
4.7,4.8,1,5,12,3,198,259380,81,106110,1.42671,0.753766,0.221077,1.91749,1310,0.0,1310.0,1310.0
4.7,4.8,1,6,10,3,198,259380,151,197810,0.513061,0.657831,0.00112902,1.37649,1310,0.0,1310.0,1310.0
4.7,4.8,1,7,3,3,198,259380,65,85150,2.02391,0.0115534,2.00549,2.04749,1310,0.0,1310.0,1310.0
4.7,4.8,1,8,7,3,198,259380,61,79910,0.523102,0.441942,0.401491,2.46582,1310,0.0,1310.0,1310.0
4.7,4.8,1,9,1,3,6037,7908470,57,74670,0.384867,0.973259,0.00649017,2.96449,1310,0.0,1310.0,1310.0
4.7,4.8,1,10,6,3,198,259380,65,85150,2.2197,0.00878115,2.20449,2.24249,1310,0.0,1310.0,1310.0
4.7,4.8,1,11,2,3,198,259380,113,148030,2.51464,0.619307,1.89699,3.17382,1310,0.0,1310.0,1310.0
4.7,4.8,1,12,8,3,1985,2600350,58,75980,0.0486938,0.0108507,0.0274869,0.0659869,1310,0.0,1310.0,1310.0
4.8,4.9,1,1,9,3,198,259380,156,204360,0.690308,0.815414,0.000991562,1.675,1310,0.0,1310.0,1310.0
4.8,4.9,1,2,11,3,198,259380,59,77283,0.0443423,0.0211932,0.0209977,0.17333,1309,0.911322,1303.0,1310.0
4.8,4.9,1,3,5,3,198,259380,58,75980,1.08424,0.208475,0.716497,1.454,1310,0.0,1310.0,1310.0
4.8,4.9,1,4,4,3,198,259380,57,74670,1.93324,0.0131754,1.9105,1.955,1310,0.0,1310.0,1310.0
4.8,4.9,1,5,12,3,198,259380,106,138860,1.16519,0.834076,0.248577,1.95599,1310,0.0,1310.0,1310.0
4.8,4.9,1,6,10,3,198,259380,172,225320,0.530561,0.677948,0.00116473,1.42099,1310,0.0,1310.0,1310.0
4.8,4.9,1,7,3,3,198,259380,57,74670,2.07057,0.0134864,2.04799,2.09299,1310,0.0,1310.0,1310.0
4.8,4.9,1,8,7,3,198,259380,67,87770,0.516165,0.362301,0.440991,2.58007,1310,0.0,1310.0,1310.0
4.8,4.9,1,9,1,3,3240,4244400,57,74670,0.0634463,0.0131071,0.0409902,0.0864902,1310,0.0,1310.0,1310.0
4.8,4.9,1,10,6,3,198,259380,57,74670,2.21054,0.00540807,2.19899,2.22199,1310,0.0,1310.0,1310.0
4.8,4.9,1,11,2,3,198,259380,58,75980,1.97205,0.17108,1.93049,3.24932,1310,0.0,1310.0,1310.0
4.8,4.9,1,12,8,3,198,259380,64,83840,0.0916354,0.0147475,0.0659869,0.115987,1310,0.0,1310.0,1310.0
4.9,5.0,1,1,9,3,198,259380,155,203050,0.624206,0.818215,0.00124156,1.713,1310,0.0,1310.0,1310.0
4.9,5.0,1,2,11,3,198,259380,69,90390,0.0910461,0.0501243,0.0629977,0.287473,1310,0.0,1310.0,1310.0
4.9,5.0,1,3,5,3,198,259380,57,74670,0.603514,0.0351669,0.561997,0.700497,1310,0.0,1310.0,1310.0
4.9,5.0,1,4,4,3,3437,4502470,470,615700,1.41029,0.522026,0.00599557,1.9615,1310,0.0,1310.0,1310.0
4.9,5.0,1,5,12,3,198,259380,113,148030,1.28592,0.806565,0.327827,1.99649,1310,0.0,1310.0,1310.0
4.9,5.0,1,6,10,3,198,259380,160,209600,0.518471,0.68365,0.00296831,1.45349,1310,0.0,1310.0,1310.0
4.9,5.0,1,7,3,3,198,259380,58,75980,2.10991,0.0111509,2.08949,2.12899,1310,0.0,1310.0,1310.0
4.9,5.0,1,8,7,3,198,259380,70,91700,0.856865,0.786536,0.469991,2.57757,1310,0.0,1310.0,1310.0
4.9,5.0,1,9,1,3,198,259380,65,85150,3.16917,0.0145654,3.14649,3.19549,1310,0.0,1310.0,1310.0
4.9,5.0,1,10,6,3,198,259380,58,75980,2.19635,0.0082264,2.18049,2.21099,1310,0.0,1310.0,1310.0
4.9,5.0,1,11,2,3,198,259380,67,87770,2.03151,0.227926,1.97249,3.36107,1310,0.0,1310.0,1310.0
4.9,5.0,1,12,8,3,198,259380,58,75980,1.88503,0.860509,0.116487,2.31549,1310,0.0,1310.0,1310.0
5.0,5.1,1,1,9,3,198,259380,159,208290,0.631481,0.831657,0.00124156,1.7415,1310,0.0,1310.0,1310.0
5.0,5.1,1,2,11,3,198,259380,58,75980,0.11492,0.0117633,0.0949977,0.134998,1310,0.0,1310.0,1310.0
5.0,5.1,1,3,5,3,198,259380,65,85150,0.531804,0.0160533,0.506997,0.573497,1310,0.0,1310.0,1310.0
5.0,5.1,1,4,4,3,198,259380,143,187330,0.744069,0.615167,0.0414956,1.32233,1310,0.0,1310.0,1310.0
5.0,5.1,1,5,12,3,198,259380,93,121830,1.40179,0.780445,0.387577,2.04149,1310,0.0,1310.0,1310.0
5.0,5.1,1,6,10,3,198,259380,150,196500,0.572193,0.717207,0.00162902,1.49349,1310,0.0,1310.0,1310.0
5.0,5.1,1,7,3,3,198,259380,64,83840,2.1453,0.0110915,2.12699,2.16399,1310,0.0,1310.0,1310.0
5.0,5.1,1,8,7,3,198,259380,100,131000,1.35856,0.958067,0.509991,2.56707,1310,0.0,1310.0,1310.0
5.0,5.1,1,9,1,3,198,259380,57,74670,3.21533,0.0126569,3.19499,3.23799,1310,0.0,1310.0,1310.0
5.0,5.1,1,10,6,3,198,259380,64,83840,2.18163,0.00491795,2.17149,2.19299,1310,0.0,1310.0,1310.0
5.0,5.1,1,11,2,3,198,259380,72,94320,2.32162,0.564662,2.01149,3.44946,1310,0.0,1310.0,1310.0
5.0,5.1,1,12,8,3,198,259380,57,74670,2.28003,0.00753402,2.26349,2.29549,1310,0.0,1310.0,1310.0
5.1,5.2,1,1,9,3,198,259380,102,133620,1.11454,0.842898,0.00222371,1.784,1310,0.0,1310.0,1310.0
5.1,5.2,1,2,11,3,3550,4650500,52,68120,0.127325,0.0548947,0.00399773,0.167998,1310,0.0,1310.0,1310.0
5.1,5.2,1,3,5,3,198,259380,57,74670,0.535733,0.01691,0.510997,0.564997,1310,0.0,1310.0,1310.0
5.1,5.2,1,4,4,3,198,259380,104,136240,0.653196,0.625989,0.0819956,1.37208,1310,0.0,1310.0,1310.0
5.1,5.2,1,5,12,3,198,259380,74,96940,1.72091,0.652777,0.439077,2.07949,1310,0.0,1310.0,1310.0
5.1,5.2,1,6,10,3,198,259380,135,176850,0.729446,0.750363,0.00271831,1.53899,1310,0.0,1310.0,1310.0
5.1,5.2,1,7,3,3,198,259380,58,75980,2.18691,0.0140316,2.16199,2.20999,1310,0.0,1310.0,1310.0
5.1,5.2,1,8,7,3,198,259380,86,112660,0.983945,0.730888,0.549991,2.33632,1310,0.0,1310.0,1310.0
5.1,5.2,1,9,1,3,3763,4929530,55,72050,1.72008,1.63048,0.00349017,3.26199,1310,0.0,1310.0,1310.0
5.1,5.2,1,10,6,3,198,259380,58,75980,2.17083,0.00938101,2.14849,2.18499,1310,0.0,1310.0,1310.0
5.1,5.2,1,11,2,3,198,259380,81,106110,2.47523,0.63497,2.05749,3.51896,1310,0.0,1310.0,1310.0
5.1,5.2,1,12,8,3,2496,3269760,273,357630,1.5374,0.765792,0.00213191,2.27449,1310,0.0,1310.0,1310.0
5.2,5.3,1,1,9,3,198,259380,207,271170,0.514383,0.806644,0.000991562,1.8205,1310,0.0,1310.0,1310.0
5.2,5.3,1,2,11,3,198,259380,65,85150,0.0447658,0.0339105,0.0174977,0.289919,1310,0.0,1310.0,1310.0
5.2,5.3,1,3,5,3,198,259380,58,75980,0.600833,0.0195653,0.569997,0.631997,1310,0.0,1310.0,1310.0
5.2,5.3,1,4,4,3,198,259380,157,205670,0.917052,0.595075,0.118496,1.38147,1310,0.0,1310.0,1310.0
5.2,5.3,1,5,12,3,198,259380,110,144100,1.45736,0.76464,0.537827,2.12399,1310,0.0,1310.0,1310.0
5.2,5.3,1,6,10,3,198,259380,92,120520,1.00264,0.725325,0.0450754,1.57649,1310,0.0,1310.0,1310.0
5.2,5.3,1,7,3,3,198,259380,57,74670,2.23069,0.0136584,2.20599,2.25299,1310,0.0,1310.0,1310.0
5.2,5.3,1,8,7,3,198,259380,81,106110,1.06578,0.710862,0.601491,2.25222,1310,0.0,1310.0,1310.0
5.2,5.3,1,9,1,3,198,259380,115,150650,1.46982,1.63184,0.0239902,3.32707,1310,0.0,1310.0,1310.0
5.2,5.3,1,10,6,3,198,259380,57,74670,2.14592,0.0134385,2.11799,2.16449,1310,0.0,1310.0,1310.0
5.2,5.3,1,11,2,3,198,259380,68,89080,2.20814,0.337972,2.10199,3.55521,1310,0.0,1310.0,1310.0
5.2,5.3,1,12,8,3,1179,1544490,78,102180,0.533945,0.714754,0.0389869,1.62607,1310,0.0,1310.0,1310.0
5.3,5.4,1,1,9,3,198,259380,142,186020,0.745643,0.901653,0.000991562,1.865,1310,0.0,1310.0,1310.0
5.3,5.4,1,2,11,3,198,259380,58,75980,0.081015,0.0113071,0.0619977,0.101998,1310,0.0,1310.0,1310.0
5.3,5.4,1,3,5,3,198,259380,65,85150,0.673051,0.0219815,0.637497,0.707997,1310,0.0,1310.0,1310.0
5.3,5.4,1,4,4,3,198,259380,191,250210,0.948229,0.556218,0.159496,1.37133,1310,0.0,1310.0,1310.0
5.3,5.4,1,5,12,3,198,259380,98,128380,1.51119,0.759327,0.581577,2.15849,1310,0.0,1310.0,1310.0
5.3,5.4,1,6,10,3,198,259380,123,161130,0.800256,0.73957,0.103718,1.61649,1310,0.0,1310.0,1310.0
5.3,5.4,1,7,3,3,198,259380,65,85150,2.27232,0.0125407,2.24899,2.29399,1310,0.0,1310.0,1310.0
5.3,5.4,1,8,7,3,198,259380,91,119210,1.21343,0.712459,0.643491,2.17025,1310,0.0,1310.0,1310.0
5.3,5.4,1,9,1,3,2056,2693360,59,77290,0.191578,0.5908,0.0654902,3.31882,1310,0.0,1310.0,1310.0
5.3,5.4,1,10,6,3,198,259380,101,132310,1.37757,1.01594,0.00382113,2.13949,1310,0.0,1310.0,1310.0
5.3,5.4,1,11,2,3,198,259380,59,77290,2.19508,0.19146,2.14849,3.63707,1310,0.0,1310.0,1310.0
5.3,5.4,1,12,8,3,198,259380,58,75980,1.61476,0.0108782,1.59249,1.63149,1310,0.0,1310.0,1310.0
5.4,5.5,1,1,9,3,198,259380,94,123140,1.31968,0.853533,0.0213308,1.9105,1310,0.0,1310.0,1310.0
5.4,5.5,1,2,11,3,2717,3559270,58,75980,0.12551,0.045853,0.0984977,0.456187,1310,0.0,1310.0,1310.0
5.4,5.5,1,3,5,3,233,305230,57,74670,0.744312,0.0193922,0.712997,0.774997,1310,0.0,1310.0,1310.0
5.4,5.5,1,4,4,3,198,259380,67,87770,0.395728,0.412411,0.205496,1.42883,1310,0.0,1310.0,1310.0
5.4,5.5,1,5,12,3,198,259380,98,128380,1.5384,0.753403,0.639577,2.19099,1310,0.0,1310.0,1310.0
5.4,5.5,1,6,10,3,198,259380,137,179470,0.845628,0.757843,0.116218,1.65949,1310,0.0,1310.0,1310.0
5.4,5.5,1,7,3,3,198,259380,57,74670,2.31253,0.00987821,2.29399,2.32949,1310,0.0,1310.0,1310.0
5.4,5.5,1,8,7,3,198,259380,88,115280,1.0701,0.598589,0.692491,2.09922,1310,0.0,1310.0,1310.0
5.4,5.5,1,9,1,3,198,259380,58,75980,2.56757,1.46424,0.10449,3.44199,1310,0.0,1310.0,1310.0
5.4,5.5,1,10,6,3,198,259380,59,77290,2.0677,0.379503,0.0588211,2.14699,1310,0.0,1310.0,1310.0
5.4,5.5,1,11,2,3,198,259380,58,75980,2.23261,0.206171,2.18999,3.77432,1310,0.0,1310.0,1310.0
5.4,5.5,1,12,8,3,1579,2068490,64,83840,1.07564,0.746295,0.00798693,1.60349,1310,0.0,1310.0,1310.0
5.5,5.6,1,1,9,3,198,259380,102,133620,1.13473,0.909797,0.0920808,1.9625,1310,0.0,1310.0,1310.0
5.5,5.6,1,2,11,3,198,259380,73,95630,0.0486962,0.0578625,0.00349773,0.22758,1310,0.0,1310.0,1310.0
5.5,5.6,1,3,5,3,1078,1412180,54,70740,0.0249133,0.0118396,0.00349665,0.0434967,1310,0.0,1310.0,1310.0
5.5,5.6,1,4,4,3,198,259380,199,260690,1.07929,0.531328,0.237996,1.45533,1310,0.0,1310.0,1310.0
5.5,5.6,1,5,12,3,198,259380,153,200430,1.33875,0.75883,0.683077,2.24399,1310,0.0,1310.0,1310.0
5.5,5.6,1,6,10,3,198,259380,159,208290,0.679834,0.746343,0.107683,1.69199,1310,0.0,1310.0,1310.0
5.5,5.6,1,7,3,3,198,259380,58,75980,2.35637,0.0154929,2.33049,2.38199,1310,0.0,1310.0,1310.0
5.5,5.6,1,8,7,3,198,259380,75,98250,1.07377,0.568848,0.738491,2.10082,1310,0.0,1310.0,1310.0
5.5,5.6,1,9,1,3,198,259380,64,83840,3.41469,0.00397973,3.40749,3.42299,1310,0.0,1310.0,1310.0
5.5,5.6,1,10,6,3,198,259380,58,75980,2.12864,0.0354865,1.86649,2.14499,1310,0.0,1310.0,1310.0
5.5,5.6,1,11,2,3,198,259380,67,87770,2.29202,0.283957,2.22099,3.91171,1310,0.0,1310.0,1310.0
5.5,5.6,1,12,8,3,1698,2224380,54,70740,0.0227092,0.00971804,0.00348693,0.0404869,1310,0.0,1310.0,1310.0
5.6,5.7,1,1,9,3,198,259380,113,148030,1.10137,0.906571,0.149831,1.998,1310,0.0,1310.0,1310.0
5.6,5.7,1,2,11,3,198,259380,60,78600,0.0775761,0.0414422,0.0484977,0.27908,1310,0.0,1310.0,1310.0
5.6,5.7,1,3,5,3,198,259380,64,83840,0.44409,0.441494,0.0469967,0.949497,1310,0.0,1310.0,1310.0
5.6,5.7,1,4,4,3,198,259380,145,189950,0.902687,0.54143,0.287996,1.40297,1310,0.0,1310.0,1310.0
5.6,5.7,1,5,12,3,198,259380,60,78600,2.18397,0.345869,0.689577,2.28299,1310,0.0,1310.0,1310.0
5.6,5.7,1,6,10,3,198,259380,200,262000,0.563551,0.732393,0.0646826,1.72299,1310,0.0,1310.0,1310.0
5.6,5.7,1,7,3,3,198,259380,65,85150,2.40134,0.0115964,2.38149,2.42149,1310,0.0,1310.0,1310.0
5.6,5.7,1,8,7,3,198,259380,71,93010,1.03231,0.507924,0.770991,2.13482,1310,0.0,1310.0,1310.0
5.6,5.7,1,9,1,3,198,259380,58,75980,3.38726,0.0148103,3.36449,3.41849,1310,0.0,1310.0,1310.0
5.6,5.7,1,10,6,3,198,259380,67,87770,2.10393,0.321105,0.282821,2.18049,1310,0.0,1310.0,1310.0
5.6,5.7,1,11,2,3,198,259380,81,106110,2.78354,0.773971,2.26649,3.99032,1310,0.0,1310.0,1310.0
5.6,5.7,1,12,8,3,198,259380,58,75980,0.0573289,0.0206446,0.0369869,0.190819,1310,0.0,1310.0,1310.0
5.7,5.8,1,1,9,3,198,259380,113,148030,1.25568,0.893357,0.193331,2.043,1310,0.0,1310.0,1310.0
5.7,5.8,1,2,11,3,198,259380,60,78600,0.117738,0.0483119,0.0879977,0.39358,1310,0.0,1310.0,1310.0
5.7,5.8,1,3,5,3,1275,1670250,54,70740,0.025617,0.0113266,0.00349665,0.0454967,1310,0.0,1310.0,1310.0
5.7,5.8,1,4,4,3,198,259380,179,234490,1.05724,0.498408,0.310496,1.40847,1310,0.0,1310.0,1310.0
5.7,5.8,1,5,12,3,198,259380,157,205670,1.3516,0.726465,0.793077,2.31749,1310,0.0,1310.0,1310.0
5.7,5.8,1,6,10,3,198,259380,215,281650,0.551536,0.789915,0.00102188,1.77349,1310,0.0,1310.0,1310.0
5.7,5.8,1,7,3,3,198,259380,57,74670,2.43747,0.0113293,2.41699,2.45649,1310,0.0,1310.0,1310.0
5.7,5.8,1,8,7,3,198,259380,71,93010,0.974766,0.407706,0.816991,2.21307,1310,0.0,1310.0,1310.0
5.7,5.8,1,9,1,3,4028,5276680,56,73360,1.51049,1.6824,0.00399017,3.40149,1310,0.0,1310.0,1310.0
5.7,5.8,1,10,6,3,198,259380,58,75980,2.16947,0.242158,0.359321,2.22049,1310,0.0,1310.0,1310.0
5.7,5.8,1,11,2,3,198,259380,72,94320,2.64831,0.679201,2.30199,4.05721,1310,0.0,1310.0,1310.0
5.7,5.8,1,12,8,3,780,1021800,65,85150,0.0987792,0.0141763,0.0739869,0.122487,1310,0.0,1310.0,1310.0
5.8,5.9,1,1,9,3,198,259380,167,218770,0.858802,0.868258,0.221724,2.081,1310,0.0,1310.0,1310.0
5.8,5.9,1,2,11,3,198,259380,69,90390,0.17038,0.0696959,0.130498,0.480723,1310,0.0,1310.0,1310.0
5.8,5.9,1,3,5,3,198,259380,57,74670,0.0558563,0.00842125,0.0409967,0.0724967,1310,0.0,1310.0,1310.0
5.8,5.9,1,4,4,3,198,259380,259,339290,1.12242,0.404569,0.345996,1.38447,1310,0.0,1310.0,1310.0
5.8,5.9,1,5,12,3,198,259380,182,238420,1.32664,0.745752,0.765827,2.35599,1310,0.0,1310.0,1310.0
5.8,5.9,1,6,10,3,198,259380,143,187330,0.715024,0.878519,0.00120045,1.81049,1310,0.0,1310.0,1310.0
5.8,5.9,1,7,3,3,198,259380,57,74670,2.47572,0.0104056,2.45749,2.49399,1310,0.0,1310.0,1310.0
5.8,5.9,1,8,7,3,198,259380,100,131000,1.44685,0.670676,0.866991,2.24007,1310,0.0,1310.0,1310.0
5.8,5.9,1,9,1,3,1623,2126130,64,83840,0.804748,1.42133,0.00349017,3.36349,1310,0.0,1310.0,1310.0
5.8,5.9,1,10,6,3,198,259380,58,75980,2.24626,0.0150091,2.22099,2.27199,1310,0.0,1310.0,1310.0
5.8,5.9,1,11,2,3,198,259380,68,89080,2.45511,0.409831,2.32949,4.08943,1310,0.0,1310.0,1310.0
5.8,5.9,1,12,8,3,974,1275940,6,7860,0.131654,0.00335659,0.128487,0.137487,1310,0.0,1310.0,1310.0
5.9,6.0,1,1,9,3,198,259380,97,127070,1.3483,0.904136,0.258081,2.12,1310,0.0,1310.0,1310.0
5.9,6.0,1,2,11,3,198,259380,65,85150,0.243569,0.122364,0.178498,0.57283,1310,0.0,1310.0,1310.0
5.9,6.0,1,3,5,3,198,259380,65,85150,0.0946274,0.0123811,0.0729967,0.116997,1310,0.0,1310.0,1310.0
5.9,6.0,1,4,4,3,198,259380,192,251520,0.975649,0.408284,0.382996,1.28658,1310,0.0,1310.0,1310.0
5.9,6.0,1,5,12,3,198,259380,197,258070,1.23222,0.741598,0.738327,2.39699,1310,0.0,1310.0,1310.0
5.9,6.0,1,6,10,3,198,259380,80,104800,1.3292,0.820921,0.00132545,1.85399,1310,0.0,1310.0,1310.0
5.9,6.0,1,7,3,3,198,259380,65,85150,2.50915,0.0124125,2.48799,2.53399,1310,0.0,1310.0,1310.0
5.9,6.0,1,8,7,3,198,259380,59,77290,0.957032,0.2398,0.894491,2.22554,1310,0.0,1310.0,1310.0
5.9,6.0,1,9,1,3,1002,1312620,57,74670,0.947271,1.50939,0.0399902,3.49799,1310,0.0,1310.0,1310.0
5.9,6.0,1,10,6,3,198,259380,65,85150,2.26291,0.212839,0.577071,2.31349,1310,0.0,1310.0,1310.0
5.9,6.0,1,11,2,3,198,259380,67,87770,2.64303,0.619965,2.37999,4.21632,1310,0.0,1310.0,1310.0
5.9,6.0,1,12,8,3,758,992980,0,0,0.0,0.0,0.0,0.0,0,0.0,0.0,0.0
6.0,6.1,1,1,9,3,198,259380,115,150650,1.35467,0.900281,0.316831,2.166,1310,0.0,1310.0,1310.0
6.0,6.1,1,2,11,3,198,259380,67,87770,0.292555,0.141633,0.217498,0.655258,1310,0.0,1310.0,1310.0
6.0,6.1,1,3,5,3,1111,1455410,57,74670,0.139619,0.0138313,0.115997,0.163497,1310,0.0,1310.0,1310.0
6.0,6.1,1,4,4,3,198,259380,180,235800,0.99032,0.371638,0.430496,1.26008,1310,0.0,1310.0,1310.0
6.0,6.1,1,5,12,3,198,259380,293,383830,1.01472,0.692254,0.609827,2.44099,1310,0.0,1310.0,1310.0
6.0,6.1,1,6,10,3,198,259380,106,138860,1.1734,0.873398,0.0823254,1.90049,1310,0.0,1310.0,1310.0
6.0,6.1,1,7,3,3,8713,11414030,43,56330,2.49088,0.38849,0.00349233,2.57299,1310,0.0,1310.0,1310.0
6.0,6.1,1,8,7,3,198,259380,66,86460,0.979472,0.176907,0.932491,2.39072,1310,0.0,1310.0,1310.0
6.0,6.1,1,9,1,3,2274,2978940,51,66810,2.23478,1.51834,0.00449017,3.41549,1310,0.0,1310.0,1310.0
6.0,6.1,1,10,6,3,198,259380,91,119210,1.74564,0.803111,0.657821,2.37899,1310,0.0,1310.0,1310.0
6.0,6.1,1,11,2,3,198,259380,75,98250,2.88217,0.794908,2.42149,4.31446,1310,0.0,1310.0,1310.0
6.0,6.1,1,12,8,3,1178,1543180,57,74670,0.0890659,0.0407142,0.00598693,0.118987,1310,0.0,1310.0,1310.0
6.1,6.2,1,1,9,3,198,259380,111,145410,1.31443,0.916369,0.348831,2.2085,1310,0.0,1310.0,1310.0
6.1,6.2,1,2,11,3,198,259380,67,87770,0.279409,0.0708369,0.242998,0.679008,1310,0.0,1310.0,1310.0
6.1,6.2,1,3,5,3,198,259380,58,75980,0.185281,0.0128268,0.163997,0.208497,1310,0.0,1310.0,1310.0
6.1,6.2,1,4,4,3,198,259380,330,432300,1.03096,0.251306,0.469996,1.23933,1310,0.0,1310.0,1310.0
6.1,6.2,1,5,12,3,198,259380,180,235800,1.27155,0.896677,0.591077,2.48349,1310,0.0,1310.0,1310.0
6.1,6.2,1,6,10,3,198,259380,91,119210,1.28591,0.843061,0.144504,1.93499,1310,0.0,1310.0,1310.0
6.1,6.2,1,7,3,3,1294,1695140,55,72050,0.0200742,0.0104224,0.00449233,0.0404923,1310,0.0,1310.0,1310.0
6.1,6.2,1,8,7,3,198,259380,57,74670,0.994377,0.011217,0.975491,1.01399,1310,0.0,1310.0,1310.0
6.1,6.2,1,9,1,3,198,259380,143,187330,1.05636,1.04418,0.00399017,3.03882,1310,0.0,1310.0,1310.0
6.1,6.2,1,10,6,3,198,259380,71,93010,2.0839,0.673368,0.708928,2.44599,1310,0.0,1310.0,1310.0
6.1,6.2,1,11,2,3,198,259380,67,87770,2.54186,0.322407,2.46099,4.40571,1310,0.0,1310.0,1310.0
6.1,6.2,1,12,8,3,198,259380,57,74670,1.23467,0.58989,0.113987,2.19249,1310,0.0,1310.0,1310.0
6.2,6.3,1,1,9,3,198,259380,86,112660,1.61281,0.85888,0.398224,2.234,1310,0.0,1310.0,1310.0
6.2,6.3,1,2,11,3,198,259380,65,85150,0.363449,0.158763,0.290998,0.84608,1310,0.0,1310.0,1310.0
6.2,6.3,1,3,5,3,198,259380,64,83840,0.220536,0.0128169,0.198497,0.243997,1310,0.0,1310.0,1310.0
6.2,6.3,1,4,4,3,198,259380,211,276410,0.871324,0.224958,0.515496,1.04983,1310,0.0,1310.0,1310.0
6.2,6.3,1,5,12,3,198,259380,157,205670,1.2849,0.923736,0.582827,2.52399,1310,0.0,1310.0,1310.0
6.2,6.3,1,6,10,3,198,259380,84,110040,1.40147,0.806736,0.199325,1.97199,1310,0.0,1310.0,1310.0
6.2,6.3,1,7,3,3,831,1088610,64,83840,0.422547,0.910708,0.0394923,2.76499,1310,0.0,1310.0,1310.0
6.2,6.3,1,8,7,3,198,259380,65,85150,1.20158,0.479286,1.01399,2.59682,1310,0.0,1310.0,1310.0
6.2,6.3,1,9,1,3,198,259380,168,220080,0.392751,0.278111,0.0474902,1.01132,1310,0.0,1310.0,1310.0
6.2,6.3,1,10,6,3,198,259380,75,98250,2.26191,0.577274,0.789214,2.52149,1310,0.0,1310.0,1310.0
6.2,6.3,1,11,2,3,198,259380,94,123140,3.28502,0.942937,2.51149,4.47382,1310,0.0,1310.0,1310.0
6.2,6.3,1,12,8,3,198,259380,58,75980,0.755737,0.12151,0.218987,0.991987,1310,0.0,1310.0,1310.0
6.3,6.4,1,1,9,3,198,259380,647,847570,0.430833,0.623064,0.000991562,2.268,1310,0.0,1310.0,1310.0
6.3,6.4,1,2,11,3,198,259380,75,98250,0.500966,0.303077,0.321498,1.37408,1310,0.0,1310.0,1310.0
6.3,6.4,1,3,5,3,198,259380,58,75980,1.24363,0.56615,0.242497,1.5765,1310,0.0,1310.0,1310.0
6.3,6.4,1,4,4,3,198,259380,221,289510,0.872423,0.169194,0.562996,0.99297,1310,0.0,1310.0,1310.0
6.3,6.4,1,5,12,3,198,259380,207,271170,1.12241,0.882422,0.544077,2.55099,1310,0.0,1310.0,1310.0
6.3,6.4,1,6,10,3,198,259380,102,133620,1.38783,0.813747,0.285183,2.02249,1310,0.0,1310.0,1310.0
6.3,6.4,1,7,3,3,1897,2485070,34,44540,0.490713,1.03649,0.00449233,2.72049,1310,0.0,1310.0,1310.0
6.3,6.4,1,8,7,3,198,259380,65,85150,1.1035,0.196206,1.05399,2.65682,1310,0.0,1310.0,1310.0
6.3,6.4,1,9,1,3,557,729670,65,85150,0.130464,0.0793633,0.0824902,0.361965,1310,0.0,1310.0,1310.0
6.3,6.4,1,10,6,3,198,259380,64,83840,2.3766,0.522346,0.885571,2.58899,1310,0.0,1310.0,1310.0
6.3,6.4,1,11,2,3,198,259380,116,151960,3.52332,0.966729,2.54549,4.50832,1310,0.0,1310.0,1310.0
6.3,6.4,1,12,8,3,198,259380,65,85150,0.602125,0.0119391,0.586487,0.640987,1310,0.0,1310.0,1310.0
6.4,6.5,1,1,9,3,198,259380,138,180780,0.947975,1.12628,0.000991562,2.306,1310,0.0,1310.0,1310.0
6.4,6.5,1,2,11,3,198,259380,72,94320,0.482072,0.299301,0.365998,1.39108,1310,0.0,1310.0,1310.0
6.4,6.5,1,3,5,3,198,259380,57,74670,1.55146,0.00585834,1.5395,1.563,1310,0.0,1310.0,1310.0
6.4,6.5,1,4,4,3,198,259380,202,264620,0.843451,0.13515,0.612496,0.950328,1310,0.0,1310.0,1310.0
6.4,6.5,1,5,12,3,198,259380,181,237110,1.25862,0.977265,0.532077,2.60099,1310,0.0,1310.0,1310.0
6.4,6.5,1,6,10,3,198,259380,121,158510,1.15076,0.847132,0.338575,2.06499,1310,0.0,1310.0,1310.0
6.4,6.5,1,7,3,3,482,631420,58,75980,0.455794,0.948441,0.0314923,2.75049,1310,0.0,1310.0,1310.0
6.4,6.5,1,8,7,3,198,259380,58,75980,1.13022,0.0158674,1.10449,1.15649,1310,0.0,1310.0,1310.0
6.4,6.5,1,9,1,3,198,259380,65,85150,0.148336,0.0135297,0.12699,0.17249,1310,0.0,1310.0,1310.0
6.4,6.5,1,10,6,3,198,259380,58,75980,2.62545,0.019748,2.59449,2.65649,1310,0.0,1310.0,1310.0
6.4,6.5,1,11,2,3,198,259380,106,138860,3.36445,0.955721,2.57349,4.55457,1310,0.0,1310.0,1310.0
6.4,6.5,1,12,8,3,198,259380,57,74670,0.582785,0.00687832,0.569987,0.597987,1310,0.0,1310.0,1310.0
6.5,6.6,1,1,9,3,198,259380,181,237110,0.747338,1.08692,0.000991562,2.348,1310,0.0,1310.0,1310.0
6.5,6.6,1,2,11,3,198,259380,57,74670,0.412717,0.010379,0.391998,0.431498,1310,0.0,1310.0,1310.0
6.5,6.6,1,3,5,3,198,259380,65,85150,1.5128,0.0140667,1.489,1.551,1310,0.0,1310.0,1310.0
6.5,6.6,1,4,4,3,198,259380,159,208290,0.809206,0.112448,0.653496,0.91122,1310,0.0,1310.0,1310.0
6.5,6.6,1,5,12,3,198,259380,228,298680,1.03272,0.927557,0.457577,2.63999,1310,0.0,1310.0,1310.0
6.5,6.6,1,6,10,3,198,259380,151,197810,1.03031,0.838723,0.364825,2.11199,1310,0.0,1310.0,1310.0
6.5,6.6,1,7,3,3,198,259380,64,83840,1.91665,0.351341,0.217992,2.50699,1310,0.0,1310.0,1310.0
6.5,6.6,1,8,7,3,198,259380,58,75980,1.2091,0.222603,1.15849,2.87297,1310,0.0,1310.0,1310.0
6.5,6.6,1,9,1,3,327,428370,57,74670,0.197104,0.0146942,0.17299,0.22149,1310,0.0,1310.0,1310.0
6.5,6.6,1,10,6,3,6529,8552990,57,74670,1.32428,1.33979,0.00348909,2.68999,1310,0.0,1310.0,1310.0
6.5,6.6,1,11,2,3,198,259380,100,131000,3.45002,0.972852,2.60749,4.61196,1310,0.0,1310.0,1310.0
6.5,6.6,1,12,8,3,198,259380,57,74670,0.568338,0.00799269,0.552487,0.580987,1310,0.0,1310.0,1310.0
